itemID,styleID,Rating,userID
39289,14756,3.868970563404064,715
3939,1417,3.868970563404064,4944
47695,14879,3.868970563404064,4890
7348,1199,3.868970563404064,5324
37403,1199,3.868970563404064,5544
47658,1199,3.868970563404064,2244
77006,22288,3.868970563404064,3462
1622,394,3.868970563404064,453
19960,1199,3.868970563404064,4101
20478,1199,3.868970563404064,7347
74870,27079,3.868970563404064,1960
11757,1199,3.868970563404064,7639
727,263,3.868970563404064,2149
34146,1199,3.868970563404064,2916
4904,1417,3.868970563404064,7735
5441,1199,3.868970563404064,7794
48911,1199,3.868970563404064,2629
1622,394,3.868970563404064,1115
47570,14,3.868970563404064,8077
5441,1199,3.868970563404064,2863
54731,263,3.868970563404064,5012
11757,1199,3.868970563404064,6402
3824,1417,3.868970563404064,4961
24905,1199,3.868970563404064,4780
15660,1454,3.868970563404064,8127
15244,2098,3.868970563404064,3132
37518,14879,3.868970563404064,5215
34146,1199,3.868970563404064,5571
56071,1075,3.868970563404064,3330
11757,1199,3.868970563404064,3457
47694,14879,3.868970563404064,6187
1622,394,3.868970563404064,6264
65528,24445,3.868970563404064,6638
7348,1199,3.868970563404064,1375
1549,394,3.868970563404064,8140
35036,1199,3.868970563404064,7865
11757,1199,3.868970563404064,5966
33624,14879,3.868970563404064,3975
960,365,3.868970563404064,3778
5411,394,3.868970563404064,4516
3606,1315,3.868970563404064,2719
5411,394,3.868970563404064,7348
47695,14879,3.868970563404064,5079
34146,1199,3.868970563404064,618
178,60,3.868970563404064,6528
25382,394,3.868970563404064,7618
3939,1417,3.868970563404064,4267
3824,1417,3.868970563404064,5843
35036,1199,3.868970563404064,935
3824,1417,3.868970563404064,8019
64848,24447,3.868970563404064,2790
17538,1199,3.868970563404064,1542
29145,263,3.868970563404064,3300
35036,1199,3.868970563404064,6172
7348,1199,3.868970563404064,2506
17538,1199,3.868970563404064,1416
47695,14879,3.868970563404064,349
1550,394,3.868970563404064,7416
17538,1199,3.868970563404064,1898
54908,12224,3.868970563404064,758
54731,263,3.868970563404064,1207
76995,24445,3.868970563404064,968
19960,1199,3.868970563404064,7160
30372,13831,3.868970563404064,6396
20478,1199,3.868970563404064,1610
68239,14484,3.868970563404064,2605
48911,1199,3.868970563404064,4762
32371,2446,3.868970563404064,4440
11757,1199,3.868970563404064,3686
34146,1199,3.868970563404064,5688
66603,21516,3.868970563404064,1972
48148,7402,3.868970563404064,116
35036,1199,3.868970563404064,3923
23474,1199,3.868970563404064,6940
47658,1199,3.868970563404064,434
1550,394,3.868970563404064,1268
10784,1075,3.868970563404064,3563
48466,3282,3.868970563404064,2949
10784,1075,3.868970563404064,156
4073,1199,3.868970563404064,6093
21822,1199,3.868970563404064,299
29687,395,3.868970563404064,7388
454,14,3.868970563404064,308
60511,1199,3.868970563404064,3795
7463,1199,3.868970563404064,771
37518,14879,3.868970563404064,867
19960,1199,3.868970563404064,5495
515,14,3.868970563404064,7793
19960,1199,3.868970563404064,2677
1598,60,3.868970563404064,5625
34146,1199,3.868970563404064,5374
48525,365,3.868970563404064,2611
19960,1199,3.868970563404064,2237
45923,395,3.868970563404064,5486
20470,394,3.868970563404064,8053
25382,394,3.868970563404064,6629
178,60,3.868970563404064,8047
16074,1199,3.868970563404064,407
11757,1199,3.868970563404064,5653
429,1,3.868970563404064,2907
50815,10541,3.868970563404064,4970
68372,1254,3.868970563404064,1905
5441,1199,3.868970563404064,8177
58027,365,3.868970563404064,5454
962,365,3.868970563404064,7469
16074,1199,3.868970563404064,2100
1504,568,3.868970563404064,7809
20539,394,3.868970563404064,5783
12982,2098,3.868970563404064,8280
11757,1199,3.868970563404064,1884
16074,1199,3.868970563404064,185
1018,263,3.868970563404064,5975
48911,1199,3.868970563404064,1807
45991,365,3.868970563404064,3447
6825,1454,3.868970563404064,4285
19960,1199,3.868970563404064,3274
18533,765,3.868970563404064,7646
727,263,3.868970563404064,6205
10784,1075,3.868970563404064,126
8203,807,3.868970563404064,7573
21822,1199,3.868970563404064,6034
28350,3268,3.868970563404064,4273
25852,1199,3.868970563404064,614
34982,10541,3.868970563404064,2045
11757,1199,3.868970563404064,1467
4904,1417,3.868970563404064,8034
10784,1075,3.868970563404064,5500
5441,1199,3.868970563404064,6885
16074,1199,3.868970563404064,2129
11757,1199,3.868970563404064,505
35036,1199,3.868970563404064,1041
1018,263,3.868970563404064,287
44579,14756,3.868970563404064,4787
13350,3268,3.868970563404064,6658
1622,394,3.868970563404064,6042
41315,765,3.868970563404064,7060
19960,1199,3.868970563404064,4169
21822,1199,3.868970563404064,4304
25468,568,3.868970563404064,7188
5411,394,3.868970563404064,5337
35036,1199,3.868970563404064,6255
21822,1199,3.868970563404064,1234
11757,1199,3.868970563404064,1689
36670,394,3.868970563404064,5481
16074,1199,3.868970563404064,2706
11757,1199,3.868970563404064,840
16074,1199,3.868970563404064,5845
55900,1199,3.868970563404064,4882
66290,14,3.868970563404064,6323
7675,3268,3.868970563404064,6314
28350,3268,3.868970563404064,7361
35036,1199,3.868970563404064,6971
960,365,3.868970563404064,5727
21436,14,3.868970563404064,4501
5761,807,3.868970563404064,4896
7463,1199,3.868970563404064,3080
34146,1199,3.868970563404064,1130
5441,1199,3.868970563404064,3797
454,14,3.868970563404064,6766
47658,1199,3.868970563404064,632
21822,1199,3.868970563404064,8214
24905,1199,3.868970563404064,1260
48911,1199,3.868970563404064,3534
17538,1199,3.868970563404064,2180
48556,21516,3.868970563404064,3630
3824,1417,3.868970563404064,6863
1122,395,3.868970563404064,7802
11757,1199,3.868970563404064,4255
2599,14,3.868970563404064,855
63220,23020,3.868970563404064,4772
1324,263,3.868970563404064,8195
7463,1199,3.868970563404064,4677
69461,14879,3.868970563404064,488
66818,23246,3.868970563404064,2079
64330,9370,3.868970563404064,6674
4073,1199,3.868970563404064,3216
21822,1199,3.868970563404064,5390
16074,1199,3.868970563404064,5614
3824,1417,3.868970563404064,1509
60511,1199,3.868970563404064,7114
11757,1199,3.868970563404064,3515
17538,1199,3.868970563404064,3785
29145,263,3.868970563404064,6776
21822,1199,3.868970563404064,5164
16115,1199,3.868970563404064,7171
20539,394,3.868970563404064,6420
1324,263,3.868970563404064,7107
52211,14879,3.868970563404064,2705
5441,1199,3.868970563404064,306
5537,1315,3.868970563404064,3561
64029,5500,3.868970563404064,994
24905,1199,3.868970563404064,5064
54827,1199,3.868970563404064,1902
5441,1199,3.868970563404064,6509
7463,1199,3.868970563404064,1721
36505,15737,3.868970563404064,6574
5441,1199,3.868970563404064,1289
436,163,3.868970563404064,7196
46683,16994,3.868970563404064,5649
33624,14879,3.868970563404064,3000
17538,1199,3.868970563404064,2029
58272,1199,3.868970563404064,3798
35036,1199,3.868970563404064,4513
29687,395,3.868970563404064,7524
54731,263,3.868970563404064,2496
5441,1199,3.868970563404064,4222
33644,14879,3.868970563404064,7001
33227,365,3.868970563404064,2315
11757,1199,3.868970563404064,6067
33644,14879,3.868970563404064,7291
21822,1199,3.868970563404064,5289
50448,16386,3.868970563404064,4459
34146,1199,3.868970563404064,3052
16074,1199,3.868970563404064,3190
429,1,3.868970563404064,1770
24059,3268,3.868970563404064,4738
35036,1199,3.868970563404064,4540
7463,1199,3.868970563404064,7002
47541,9020,3.868970563404064,5426
11263,14,3.868970563404064,8197
11757,1199,3.868970563404064,51
35649,3268,3.868970563404064,5580
52211,14879,3.868970563404064,4128
5441,1199,3.868970563404064,3680
7463,1199,3.868970563404064,7671
19960,1199,3.868970563404064,3259
11757,1199,3.868970563404064,389
19960,1199,3.868970563404064,2296
69894,1199,3.868970563404064,1359
1550,394,3.868970563404064,6497
54731,263,3.868970563404064,789
38226,850,3.868970563404064,6579
7348,1199,3.868970563404064,5133
54827,1199,3.868970563404064,3482
51483,9020,3.868970563404064,1168
19960,1199,3.868970563404064,5103
44596,395,3.868970563404064,4868
75907,23246,3.868970563404064,761
38468,16269,3.868970563404064,1736
16074,1199,3.868970563404064,4234
16074,1199,3.868970563404064,1104
17538,1199,3.868970563404064,7180
429,1,3.868970563404064,5654
24905,1199,3.868970563404064,5416
7348,1199,3.868970563404064,1711
7167,1315,3.868970563404064,7322
38552,765,3.868970563404064,823
20470,394,3.868970563404064,6994
20478,1199,3.868970563404064,858
17538,1199,3.868970563404064,325
54731,263,3.868970563404064,2954
17538,1199,3.868970563404064,3420
19960,1199,3.868970563404064,5509
23329,3407,3.868970563404064,7858
18313,4103,3.868970563404064,5847
429,1,3.868970563404064,4471
16638,3268,3.868970563404064,1187
5441,1199,3.868970563404064,4929
13350,3268,3.868970563404064,2193
17538,1199,3.868970563404064,3831
54134,14879,3.868970563404064,3144
727,263,3.868970563404064,4072
33644,14879,3.868970563404064,3287
5537,1315,3.868970563404064,8042
47658,1199,3.868970563404064,1637
35036,1199,3.868970563404064,2634
24905,1199,3.868970563404064,5102
17538,1199,3.868970563404064,7511
60511,1199,3.868970563404064,4514
34146,1199,3.868970563404064,5340
47658,1199,3.868970563404064,165
19960,1199,3.868970563404064,5485
16074,1199,3.868970563404064,623
4073,1199,3.868970563404064,3414
7167,1315,3.868970563404064,428
7675,3268,3.868970563404064,4709
48556,21516,3.868970563404064,244
33644,14879,3.868970563404064,4075
960,365,3.868970563404064,1954
47695,14879,3.868970563404064,1582
29687,395,3.868970563404064,6437
47658,1199,3.868970563404064,3550
34146,1199,3.868970563404064,4364
47695,14879,3.868970563404064,1462
77213,453,3.868970563404064,1356
48556,21516,3.868970563404064,5335
11757,1199,3.868970563404064,2096
19960,1199,3.868970563404064,7699
48911,1199,3.868970563404064,5365
20539,394,3.868970563404064,1788
34982,10541,3.868970563404064,2638
36670,394,3.868970563404064,8023
4904,1417,3.868970563404064,7435
10784,1075,3.868970563404064,1782
8717,850,3.868970563404064,8258
966,365,3.868970563404064,5761
1621,394,3.868970563404064,7750
16074,1199,3.868970563404064,1288
20470,394,3.868970563404064,7673
966,365,3.868970563404064,2670
47658,1199,3.868970563404064,1710
38468,16269,3.868970563404064,5001
11757,1199,3.868970563404064,7769
16638,3268,3.868970563404064,7115
25884,12224,3.868970563404064,5678
57110,14879,3.868970563404064,2517
4073,1199,3.868970563404064,1876
3606,1315,3.868970563404064,5566
54396,5752,3.868970563404064,6065
47695,14879,3.868970563404064,819
56071,1075,3.868970563404064,2802
34146,1199,3.868970563404064,2733
58053,395,3.868970563404064,1243
4073,1199,3.868970563404064,2888
19960,1199,3.868970563404064,5794
19960,1199,3.868970563404064,6688
17538,1199,3.868970563404064,4272
37518,14879,3.868970563404064,1186
27982,936,3.868970563404064,6409
2106,394,3.868970563404064,12
1589,395,3.868970563404064,7702
16638,3268,3.868970563404064,3302
33624,14879,3.868970563404064,6180
19960,1199,3.868970563404064,6415
35036,1199,3.868970563404064,4349
25852,1199,3.868970563404064,1571
3939,1417,3.868970563404064,6553
35036,1199,3.868970563404064,4536
20539,394,3.868970563404064,6199
3824,1417,3.868970563404064,2061
35036,1199,3.868970563404064,792
74145,26946,3.868970563404064,802
19960,1199,3.868970563404064,3893
37518,14879,3.868970563404064,1203
4073,1199,3.868970563404064,7653
55900,1199,3.868970563404064,240
20470,394,3.868970563404064,8012
22450,3268,3.868970563404064,7199
11757,1199,3.868970563404064,1670
35036,1199,3.868970563404064,5192
19960,1199,3.868970563404064,1633
59966,1199,3.868970563404064,2946
72827,14879,3.868970563404064,2778
1324,263,3.868970563404064,5785
24905,1199,3.868970563404064,5695
17538,1199,3.868970563404064,5049
54731,263,3.868970563404064,1408
54827,1199,3.868970563404064,2547
21822,1199,3.868970563404064,1396
1324,263,3.868970563404064,1329
71802,24445,3.868970563404064,1967
35036,1199,3.868970563404064,55
47658,1199,3.868970563404064,835
55900,1199,3.868970563404064,2501
54827,1199,3.868970563404064,3011
47695,14879,3.868970563404064,2348
3619,394,3.868970563404064,8287
7463,1199,3.868970563404064,1064
4904,1417,3.868970563404064,7841
20539,394,3.868970563404064,6318
48911,1199,3.868970563404064,1254
49865,1,3.868970563404064,5660
7675,3268,3.868970563404064,7478
20470,394,3.868970563404064,5124
51483,9020,3.868970563404064,2997
17538,1199,3.868970563404064,7843
35036,1199,3.868970563404064,1712
29145,263,3.868970563404064,7530
41778,10541,3.868970563404064,3035
19960,1199,3.868970563404064,7588
25414,1075,3.868970563404064,1373
33624,14879,3.868970563404064,3579
5441,1199,3.868970563404064,4070
64850,24447,3.868970563404064,6790
61053,14756,3.868970563404064,1435
21822,1199,3.868970563404064,5760
7348,1199,3.868970563404064,1840
47658,1199,3.868970563404064,782
5441,1199,3.868970563404064,2381
11757,1199,3.868970563404064,3677
11757,1199,3.868970563404064,5033
7463,1199,3.868970563404064,1219
11757,1199,3.868970563404064,971
47695,14879,3.868970563404064,1988
3824,1417,3.868970563404064,1044
11757,1199,3.868970563404064,7044
5411,394,3.868970563404064,497
59015,22167,3.868970563404064,759
19960,1199,3.868970563404064,2431
47658,1199,3.868970563404064,602
74360,24445,3.868970563404064,3799
25852,1199,3.868970563404064,360
54134,14879,3.868970563404064,3016
7463,1199,3.868970563404064,5169
34146,1199,3.868970563404064,5278
35036,1199,3.868970563404064,6237
16074,1199,3.868970563404064,3957
16074,1199,3.868970563404064,2804
25852,1199,3.868970563404064,1924
19960,1199,3.868970563404064,508
5411,394,3.868970563404064,2451
5441,1199,3.868970563404064,7062
74488,765,3.868970563404064,1061
56071,1075,3.868970563404064,5291
19960,1199,3.868970563404064,4828
53263,3965,3.868970563404064,6322
54731,263,3.868970563404064,1468
40153,14879,3.868970563404064,1068
33624,14879,3.868970563404064,1094
21822,1199,3.868970563404064,2829
4073,1199,3.868970563404064,2567
16073,1199,3.868970563404064,7231
20478,1199,3.868970563404064,1868
40153,14879,3.868970563404064,4720
3824,1417,3.868970563404064,6575
65447,21841,3.868970563404064,1015
25656,9020,3.868970563404064,7548
16074,1199,3.868970563404064,5450
20470,394,3.868970563404064,661
52211,14879,3.868970563404064,1280
3939,1417,3.868970563404064,8194
55900,1199,3.868970563404064,5332
20478,1199,3.868970563404064,2140
35036,1199,3.868970563404064,4745
436,163,3.868970563404064,7106
54731,263,3.868970563404064,3744
20478,1199,3.868970563404064,1819
960,365,3.868970563404064,5560
17010,577,3.868970563404064,7317
11709,577,3.868970563404064,3687
20478,1199,3.868970563404064,1240
7463,1199,3.868970563404064,4642
35036,1199,3.868970563404064,940
7348,1199,3.868970563404064,276
57110,14879,3.868970563404064,1727
959,365,3.868970563404064,5575
55900,1199,3.868970563404064,4179
5487,2098,3.868970563404064,8290
25852,1199,3.868970563404064,6735
962,365,3.868970563404064,8253
10784,1075,3.868970563404064,7217
19047,7091,3.868970563404064,8037
36269,10541,3.868970563404064,4497
55900,1199,3.868970563404064,6983
13350,3268,3.868970563404064,7258
53468,1199,3.868970563404064,4754
47659,1199,3.868970563404064,4796
7348,1199,3.868970563404064,4013
25251,12003,3.868970563404064,3859
65447,21841,3.868970563404064,1728
36380,765,3.868970563404064,6275
1504,568,3.868970563404064,7285
11757,1199,3.868970563404064,4682
9117,1303,3.868970563404064,3449
48466,3282,3.868970563404064,2562
19960,1199,3.868970563404064,947
429,1,3.868970563404064,6466
2106,394,3.868970563404064,2364
24905,1199,3.868970563404064,3411
436,163,3.868970563404064,7899
19960,1199,3.868970563404064,5026
49485,1463,3.868970563404064,8
1622,394,3.868970563404064,1109
74627,13892,3.868970563404064,34
4073,1199,3.868970563404064,5850
20539,394,3.868970563404064,3907
7675,3268,3.868970563404064,6375
41778,10541,3.868970563404064,2909
7463,1199,3.868970563404064,2834
5441,1199,3.868970563404064,4827
19960,1199,3.868970563404064,5007
25468,568,3.868970563404064,7101
48911,1199,3.868970563404064,4042
37518,14879,3.868970563404064,5996
8102,1917,3.868970563404064,6077
29687,395,3.868970563404064,4860
20478,1199,3.868970563404064,6423
55900,1199,3.868970563404064,3439
962,365,3.868970563404064,7117
51483,9020,3.868970563404064,806
52211,14879,3.868970563404064,281
17538,1199,3.868970563404064,6920
68391,24445,3.868970563404064,2083
7348,1199,3.868970563404064,2170
10784,1075,3.868970563404064,2786
7348,1199,3.868970563404064,651
54059,394,3.868970563404064,5871
1554,568,3.868970563404064,1397
16115,1199,3.868970563404064,8107
47658,1199,3.868970563404064,5148
7167,1315,3.868970563404064,839
17538,1199,3.868970563404064,390
74159,394,3.868970563404064,769
53159,765,3.868970563404064,4765
19960,1199,3.868970563404064,1262
48556,21516,3.868970563404064,2207
5441,1199,3.868970563404064,687
35036,1199,3.868970563404064,81
47658,1199,3.868970563404064,3860
1791,60,3.868970563404064,7289
20470,394,3.868970563404064,7087
21822,1199,3.868970563404064,5492
34146,1199,3.868970563404064,5857
43893,7402,3.868970563404064,3863
7463,1199,3.868970563404064,1899
24905,1199,3.868970563404064,1313
2324,394,3.868970563404064,4838
7324,395,3.868970563404064,2098
3606,1315,3.868970563404064,7930
35036,1199,3.868970563404064,1077
22591,9370,3.868970563404064,7335
20478,1199,3.868970563404064,4815
25852,1199,3.868970563404064,2703
24905,1199,3.868970563404064,7554
25852,1199,3.868970563404064,4803
5441,1199,3.868970563404064,2263
7675,3268,3.868970563404064,7207
4073,1199,3.868970563404064,600
35036,1199,3.868970563404064,1156
1504,568,3.868970563404064,5897
7348,1199,3.868970563404064,4088
5441,1199,3.868970563404064,1258
47658,1199,3.868970563404064,2453
47658,1199,3.868970563404064,3047
11757,1199,3.868970563404064,317
60511,1199,3.868970563404064,4750
8203,807,3.868970563404064,810
966,365,3.868970563404064,1752
50267,16323,3.868970563404064,5132
19960,1199,3.868970563404064,7679
41881,13905,3.868970563404064,3492
24905,1199,3.868970563404064,7151
11757,1199,3.868970563404064,3776
8555,1315,3.868970563404064,2941
21822,1199,3.868970563404064,4347
33644,14879,3.868970563404064,4919
45482,16386,3.868970563404064,4093
19960,1199,3.868970563404064,1151
54134,14879,3.868970563404064,1227
11757,1199,3.868970563404064,1817
58053,395,3.868970563404064,2073
33644,14879,3.868970563404064,6048
20470,394,3.868970563404064,8018
13350,3268,3.868970563404064,7791
1324,263,3.868970563404064,6690
61427,1075,3.868970563404064,1532
48911,1199,3.868970563404064,2643
5441,1199,3.868970563404064,5207
19960,1199,3.868970563404064,1692
11757,1199,3.868970563404064,4918
19960,1199,3.868970563404064,7121
11757,1199,3.868970563404064,738
54827,1199,3.868970563404064,3787
60990,1075,3.868970563404064,3614
966,365,3.868970563404064,2854
75141,5319,3.868970563404064,852
19960,1199,3.868970563404064,2701
72827,14879,3.868970563404064,972
20539,394,3.868970563404064,1844
20470,394,3.868970563404064,6793
6523,14,3.868970563404064,1987
36380,765,3.868970563404064,3195
34146,1199,3.868970563404064,2822
16074,1199,3.868970563404064,6088
47658,1199,3.868970563404064,2728
56071,1075,3.868970563404064,5056
75087,394,3.868970563404064,3252
25852,1199,3.868970563404064,734
1121,395,3.868970563404064,3021
2106,394,3.868970563404064,3378
74723,13905,3.868970563404064,2530
17538,1199,3.868970563404064,1703
47658,1199,3.868970563404064,838
21822,1199,3.868970563404064,7818
33644,14879,3.868970563404064,5035
76985,9816,3.868970563404064,353
24905,1199,3.868970563404064,1486
58027,365,3.868970563404064,3951
56115,14879,3.868970563404064,6768
48556,21516,3.868970563404064,2645
2106,394,3.868970563404064,7124
16074,1199,3.868970563404064,3505
34146,1199,3.868970563404064,1405
5441,1199,3.868970563404064,5799
69234,25484,3.868970563404064,1494
41843,14338,3.868970563404064,5947
1622,394,3.868970563404064,4059
23013,10774,3.868970563404064,7888
5441,1199,3.868970563404064,2857
1504,568,3.868970563404064,7127
16074,1199,3.868970563404064,5542
11757,1199,3.868970563404064,1425
11757,1199,3.868970563404064,4708
19960,1199,3.868970563404064,1083
54731,263,3.868970563404064,847
727,263,3.868970563404064,7878
7348,1199,3.868970563404064,4007
5441,1199,3.868970563404064,4599
17538,1199,3.868970563404064,3346
20478,1199,3.868970563404064,4555
11757,1199,3.868970563404064,4975
19960,1199,3.868970563404064,4327
17538,1199,3.868970563404064,3038
16074,1199,3.868970563404064,1181
28350,3268,3.868970563404064,3937
10265,3351,3.868970563404064,5985
2599,14,3.868970563404064,1929
6551,1254,3.868970563404064,7980
47658,1199,3.868970563404064,826
59966,1199,3.868970563404064,3796
48555,21516,3.868970563404064,2385
16115,1199,3.868970563404064,7973
35036,1199,3.868970563404064,1051
36167,395,3.868970563404064,6758
35036,1199,3.868970563404064,921
33644,14879,3.868970563404064,2430
11757,1199,3.868970563404064,2159
35036,1199,3.868970563404064,370
727,263,3.868970563404064,3181
7348,1199,3.868970563404064,4405
49076,1199,3.868970563404064,5070
60511,1199,3.868970563404064,2425
35036,1199,3.868970563404064,4572
48911,1199,3.868970563404064,2173
35378,395,3.868970563404064,1249
7675,3268,3.868970563404064,2378
7348,1199,3.868970563404064,432
57110,14879,3.868970563404064,1469
12186,1199,3.868970563404064,8066
33644,14879,3.868970563404064,2192
16122,2430,3.868970563404064,2068
7348,1199,3.868970563404064,4339
47695,14879,3.868970563404064,5154
35378,395,3.868970563404064,3269
7463,1199,3.868970563404064,5422
59966,1199,3.868970563404064,2463
34590,365,3.868970563404064,3273
54134,14879,3.868970563404064,429
47658,1199,3.868970563404064,1820
5441,1199,3.868970563404064,4870
20539,394,3.868970563404064,6395
1324,263,3.868970563404064,6297
47658,1199,3.868970563404064,4243
34146,1199,3.868970563404064,5445
33644,14879,3.868970563404064,3521
11757,1199,3.868970563404064,4422
36167,395,3.868970563404064,3908
19960,1199,3.868970563404064,2864
1122,395,3.868970563404064,6411
44351,765,3.868970563404064,3994
60661,1199,3.868970563404064,3583
59514,23020,3.868970563404064,1926
10784,1075,3.868970563404064,5520
54827,1199,3.868970563404064,1489
35036,1199,3.868970563404064,6259
5411,394,3.868970563404064,2144
35036,1199,3.868970563404064,952
13350,3268,3.868970563404064,1617
57110,14879,3.868970563404064,2625
24059,3268,3.868970563404064,7485
48911,1199,3.868970563404064,5178
3824,1417,3.868970563404064,6115
1554,568,3.868970563404064,7559
7348,1199,3.868970563404064,3043
47658,1199,3.868970563404064,1693
4073,1199,3.868970563404064,5113
4073,1199,3.868970563404064,7731
21822,1199,3.868970563404064,2573
515,14,3.868970563404064,5613
35036,1199,3.868970563404064,6714
44351,765,3.868970563404064,6797
59125,12224,3.868970563404064,2439
32923,13831,3.868970563404064,7214
56259,22167,3.868970563404064,4324
75087,394,3.868970563404064,1276
71917,1199,3.868970563404064,1499
35036,1199,3.868970563404064,3930
48911,1199,3.868970563404064,998
1550,394,3.868970563404064,5767
24905,1199,3.868970563404064,3332
35036,1199,3.868970563404064,183
7463,1199,3.868970563404064,5554
47658,1199,3.868970563404064,5449
33644,14879,3.868970563404064,4794
7348,1199,3.868970563404064,5465
54134,14879,3.868970563404064,4478
47658,1199,3.868970563404064,2006
35036,1199,3.868970563404064,735
34146,1199,3.868970563404064,2295
55900,1199,3.868970563404064,5321
35036,1199,3.868970563404064,6892
11757,1199,3.868970563404064,5235
6523,14,3.868970563404064,6414
24905,1199,3.868970563404064,2720
34146,1199,3.868970563404064,180
47658,1199,3.868970563404064,3040
17538,1199,3.868970563404064,2258
34146,1199,3.868970563404064,3368
33644,14879,3.868970563404064,7084
48911,1199,3.868970563404064,5273
17538,1199,3.868970563404064,1881
6523,14,3.868970563404064,8233
727,263,3.868970563404064,6530
25382,394,3.868970563404064,4951
29687,395,3.868970563404064,6360
21822,1199,3.868970563404064,7610
5441,1199,3.868970563404064,269
25103,365,3.868970563404064,7803
11757,1199,3.868970563404064,5255
1324,263,3.868970563404064,5970
34362,394,3.868970563404064,6979
72827,14879,3.868970563404064,1591
962,365,3.868970563404064,7966
47695,14879,3.868970563404064,5457
64727,7402,3.868970563404064,2915
66619,21516,3.868970563404064,1866
1504,568,3.868970563404064,3179
16074,1199,3.868970563404064,1122
47658,1199,3.868970563404064,707
4073,1199,3.868970563404064,1178
7463,1199,3.868970563404064,4006
34146,1199,3.868970563404064,4356
4904,1417,3.868970563404064,6
34146,1199,3.868970563404064,4252
20470,394,3.868970563404064,7013
16074,1199,3.868970563404064,5071
18310,3403,3.868970563404064,1675
75907,23246,3.868970563404064,312
7463,1199,3.868970563404064,292
47658,1199,3.868970563404064,1324
11757,1199,3.868970563404064,1342
1324,263,3.868970563404064,120
429,1,3.868970563404064,2239
47658,1199,3.868970563404064,859
25382,394,3.868970563404064,5234
47695,14879,3.868970563404064,801
41778,10541,3.868970563404064,6477
58914,1199,3.868970563404064,385
23474,1199,3.868970563404064,7504
62782,16859,3.868970563404064,6110
60990,1075,3.868970563404064,1883
7348,1199,3.868970563404064,1573
55900,1199,3.868970563404064,1864
75087,394,3.868970563404064,3487
2572,807,3.868970563404064,7870
1525,568,3.868970563404064,7620
11757,1199,3.868970563404064,534
5009,1417,3.868970563404064,6212
11757,1199,3.868970563404064,4971
1622,394,3.868970563404064,8169
58920,1075,3.868970563404064,3188
33644,14879,3.868970563404064,3864
16074,1199,3.868970563404064,7495
59125,12224,3.868970563404064,5399
47658,1199,3.868970563404064,241
52211,14879,3.868970563404064,3399
54731,263,3.868970563404064,919
20470,394,3.868970563404064,8005
19960,1199,3.868970563404064,1746
35036,1199,3.868970563404064,1317
48911,1199,3.868970563404064,6680
7348,1199,3.868970563404064,1049
4073,1199,3.868970563404064,593
34982,10541,3.868970563404064,6005
961,365,3.868970563404064,8089
25468,568,3.868970563404064,7546
54827,1199,3.868970563404064,3236
33644,14879,3.868970563404064,2168
11328,1417,3.868970563404064,4673
24905,1199,3.868970563404064,6961
21822,1199,3.868970563404064,2499
19960,1199,3.868970563404064,2250
4014,1315,3.868970563404064,4231
25656,9020,3.868970563404064,2698
73571,24445,3.868970563404064,1248
19309,2055,3.868970563404064,7781
32508,860,3.868970563404064,7857
7348,1199,3.868970563404064,3450
47658,1199,3.868970563404064,1741
34982,10541,3.868970563404064,5488
16074,1199,3.868970563404064,3481
25656,9020,3.868970563404064,7689
62342,568,3.868970563404064,7772
7463,1199,3.868970563404064,925
18898,9347,3.868970563404064,11
40028,395,3.868970563404064,6063
7348,1199,3.868970563404064,3224
1504,568,3.868970563404064,8113
55900,1199,3.868970563404064,4368
38468,16269,3.868970563404064,2995
11757,1199,3.868970563404064,1619
20478,1199,3.868970563404064,1655
20417,395,3.868970563404064,6380
48911,1199,3.868970563404064,5687
10784,1075,3.868970563404064,1179
56115,14879,3.868970563404064,3148
19960,1199,3.868970563404064,342
50131,5970,3.868970563404064,5060
20478,1199,3.868970563404064,965
1542,576,3.868970563404064,7713
20539,394,3.868970563404064,3547
25656,9020,3.868970563404064,2749
4073,1199,3.868970563404064,2319
7348,1199,3.868970563404064,5288
25382,394,3.868970563404064,3063
20478,1199,3.868970563404064,4906
5441,1199,3.868970563404064,5911
28350,3268,3.868970563404064,5074
11757,1199,3.868970563404064,3293
1324,263,3.868970563404064,4891
1550,394,3.868970563404064,3008
43364,1454,3.868970563404064,6346
53779,14879,3.868970563404064,449
29145,263,3.868970563404064,7132
10784,1075,3.868970563404064,788
429,1,3.868970563404064,8193
5411,394,3.868970563404064,3560
3824,1417,3.868970563404064,6306
24905,1199,3.868970563404064,3051
51483,9020,3.868970563404064,1621
37952,2446,3.868970563404064,4884
727,263,3.868970563404064,4799
25852,1199,3.868970563404064,2572
429,1,3.868970563404064,332
7348,1199,3.868970563404064,1338
19960,1199,3.868970563404064,7089
3939,1417,3.868970563404064,8298
20478,1199,3.868970563404064,7103
23474,1199,3.868970563404064,5407
24905,1199,3.868970563404064,5010
37518,14879,3.868970563404064,5884
962,365,3.868970563404064,4704
47695,14879,3.868970563404064,6317
35036,1199,3.868970563404064,4039
65682,3268,3.868970563404064,491
48551,18847,3.868970563404064,5162
7463,1199,3.868970563404064,1343
23474,1199,3.868970563404064,5752
25250,12003,3.868970563404064,1255
3824,1417,3.868970563404064,5745
11757,1199,3.868970563404064,5683
32222,765,3.868970563404064,7260
69087,2724,3.868970563404064,2036
35036,1199,3.868970563404064,2434
20478,1199,3.868970563404064,1217
17538,1199,3.868970563404064,2150
20539,394,3.868970563404064,3887
20470,394,3.868970563404064,2929
17538,1199,3.868970563404064,3685
16692,5500,3.868970563404064,7459
47658,1199,3.868970563404064,1050
1018,263,3.868970563404064,3076
47658,1199,3.868970563404064,2449
57110,14879,3.868970563404064,418
4073,1199,3.868970563404064,20
57110,14879,3.868970563404064,426
54731,263,3.868970563404064,5048
65682,3268,3.868970563404064,3012
35036,1199,3.868970563404064,3034
21822,1199,3.868970563404064,7952
60584,1199,3.868970563404064,4373
34146,1199,3.868970563404064,6075
7348,1199,3.868970563404064,1230
28350,3268,3.868970563404064,3496
1121,395,3.868970563404064,8070
23474,1199,3.868970563404064,7854
55900,1199,3.868970563404064,6950
21688,9020,3.868970563404064,4331
57110,14879,3.868970563404064,2917
7348,1199,3.868970563404064,4334
727,263,3.868970563404064,7521
54827,1199,3.868970563404064,4173
1018,263,3.868970563404064,5458
47658,1199,3.868970563404064,3727
25656,9020,3.868970563404064,3733
5441,1199,3.868970563404064,3075
20478,1199,3.868970563404064,6760
33644,14879,3.868970563404064,5220
74921,22430,3.868970563404064,634
5441,1199,3.868970563404064,1751
20893,9020,3.868970563404064,5125
3606,1315,3.868970563404064,1585
7348,1199,3.868970563404064,511
74488,765,3.868970563404064,295
17538,1199,3.868970563404064,2406
3939,1417,3.868970563404064,4980
21822,1199,3.868970563404064,4761
20417,395,3.868970563404064,7472
20310,3403,3.868970563404064,1850
19960,1199,3.868970563404064,7406
1018,263,3.868970563404064,4544
5481,2100,3.868970563404064,3843
21688,9020,3.868970563404064,2165
36670,394,3.868970563404064,4675
59364,16041,3.868970563404064,2545
51301,1199,3.868970563404064,4873
47658,1199,3.868970563404064,7
36376,13905,3.868970563404064,2838
3606,1315,3.868970563404064,7631
48911,1199,3.868970563404064,4999
20478,1199,3.868970563404064,5331
20478,1199,3.868970563404064,1112
1550,394,3.868970563404064,7911
35036,1199,3.868970563404064,4153
66433,765,3.868970563404064,3433
54827,1199,3.868970563404064,3339
29687,395,3.868970563404064,7139
70635,5752,3.868970563404064,2325
34362,394,3.868970563404064,6978
11757,1199,3.868970563404064,1766
11757,1199,3.868970563404064,7929
11757,1199,3.868970563404064,4991
55900,1199,3.868970563404064,4213
1324,263,3.868970563404064,7985
11757,1199,3.868970563404064,1805
35036,1199,3.868970563404064,3507
51483,9020,3.868970563404064,2942
4014,1315,3.868970563404064,7494
47658,1199,3.868970563404064,741
7348,1199,3.868970563404064,8200
1154,394,3.868970563404064,3445
7463,1199,3.868970563404064,4741
47658,1199,3.868970563404064,584
41843,14338,3.868970563404064,3618
4073,1199,3.868970563404064,5754
7463,1199,3.868970563404064,7238
47240,17285,3.868970563404064,5287
798,289,3.868970563404064,893
17538,1199,3.868970563404064,2108
1550,394,3.868970563404064,8032
21822,1199,3.868970563404064,127
7348,1199,3.868970563404064,1406
17538,1199,3.868970563404064,8017
23474,1199,3.868970563404064,6791
19960,1199,3.868970563404064,2738
60511,1199,3.868970563404064,1488
7348,1199,3.868970563404064,1871
59986,23082,3.868970563404064,3596
55900,1199,3.868970563404064,3701
19960,1199,3.868970563404064,4217
429,1,3.868970563404064,5753
4073,1199,3.868970563404064,5759
60511,1199,3.868970563404064,115
11757,1199,3.868970563404064,462
34361,394,3.868970563404064,7280
21822,1199,3.868970563404064,1058
2106,394,3.868970563404064,7632
57110,14879,3.868970563404064,6876
4073,1199,3.868970563404064,6905
37518,14879,3.868970563404064,3972
1324,263,3.868970563404064,7816
1122,395,3.868970563404064,8088
16074,1199,3.868970563404064,7057
4373,1386,3.868970563404064,1627
3606,1315,3.868970563404064,6049
727,263,3.868970563404064,5091
25852,1199,3.868970563404064,3062
20470,394,3.868970563404064,1626
7348,1199,3.868970563404064,6467
47695,14879,3.868970563404064,1231
35036,1199,3.868970563404064,5008
1504,568,3.868970563404064,7222
5441,1199,3.868970563404064,5320
35649,3268,3.868970563404064,2659
21822,1199,3.868970563404064,5607
47658,1199,3.868970563404064,5350
20478,1199,3.868970563404064,6733
5441,1199,3.868970563404064,1377
48911,1199,3.868970563404064,5372
16638,3268,3.868970563404064,1073
48911,1199,3.868970563404064,1484
10784,1075,3.868970563404064,6523
60511,1199,3.868970563404064,4950
48556,21516,3.868970563404064,2174
7675,3268,3.868970563404064,1618
40153,14879,3.868970563404064,2542
727,263,3.868970563404064,3517
54060,17293,3.868970563404064,4526
47658,1199,3.868970563404064,953
11757,1199,3.868970563404064,1963
3939,1417,3.868970563404064,6069
56887,3268,3.868970563404064,1448
54731,263,3.868970563404064,3650
35036,1199,3.868970563404064,5104
45878,14,3.868970563404064,1735
25852,1199,3.868970563404064,1697
5441,1199,3.868970563404064,3394
43091,16386,3.868970563404064,4413
5411,394,3.868970563404064,5029
34146,1199,3.868970563404064,5045
44019,13905,3.868970563404064,6116
454,14,3.868970563404064,743
24905,1199,3.868970563404064,6500
35036,1199,3.868970563404064,1167
47658,1199,3.868970563404064,5385
16074,1199,3.868970563404064,5561
16074,1199,3.868970563404064,2365
47658,1199,3.868970563404064,169
25852,1199,3.868970563404064,271
21822,1199,3.868970563404064,4298
61176,16386,3.868970563404064,3678
37518,14879,3.868970563404064,5808
1791,60,3.868970563404064,7437
16074,1199,3.868970563404064,1165
47695,14879,3.868970563404064,4257
17538,1199,3.868970563404064,3720
11493,5313,3.868970563404064,1214
3824,1417,3.868970563404064,528
727,263,3.868970563404064,1026
20478,1199,3.868970563404064,424
1123,395,3.868970563404064,7464
31912,14,3.868970563404064,7157
45878,14,3.868970563404064,1045
21822,1199,3.868970563404064,6962
51245,13670,3.868970563404064,6511
16074,1199,3.868970563404064,4693
35649,3268,3.868970563404064,3705
36670,394,3.868970563404064,7922
43438,394,3.868970563404064,4843
53779,14879,3.868970563404064,4773
60511,1199,3.868970563404064,4046
56259,22167,3.868970563404064,1667
35036,1199,3.868970563404064,881
29145,263,3.868970563404064,7971
3606,1315,3.868970563404064,2695
29687,395,3.868970563404064,5039
48525,365,3.868970563404064,1908
7675,3268,3.868970563404064,8245
25852,1199,3.868970563404064,3095
11757,1199,3.868970563404064,939
20478,1199,3.868970563404064,1813
34146,1199,3.868970563404064,4395
7849,2310,3.868970563404064,7792
22968,9816,3.868970563404064,8213
35036,1199,3.868970563404064,1380
3517,394,3.868970563404064,8137
71342,26409,3.868970563404064,5088
13261,7104,3.868970563404064,7512
47658,1199,3.868970563404064,1923
58914,1199,3.868970563404064,275
47695,14879,3.868970563404064,4949
47695,14879,3.868970563404064,5448
3824,1417,3.868970563404064,376
35036,1199,3.868970563404064,6546
47694,14879,3.868970563404064,1261
436,163,3.868970563404064,3201
35036,1199,3.868970563404064,3250
5441,1199,3.868970563404064,8112
35036,1199,3.868970563404064,5156
45878,14,3.868970563404064,6724
65528,24445,3.868970563404064,3726
34361,394,3.868970563404064,7173
7463,1199,3.868970563404064,4735
23474,1199,3.868970563404064,4437
47658,1199,3.868970563404064,1566
1791,60,3.868970563404064,5478
35036,1199,3.868970563404064,1513
34146,1199,3.868970563404064,808
28350,3268,3.868970563404064,6890
62529,14,3.868970563404064,6211
1324,263,3.868970563404064,2841
4073,1199,3.868970563404064,1768
47658,1199,3.868970563404064,1070
963,365,3.868970563404064,903
21556,568,3.868970563404064,3503
19960,1199,3.868970563404064,7183
54731,263,3.868970563404064,2500
7463,1199,3.868970563404064,4821
3824,1417,3.868970563404064,6710
33624,14879,3.868970563404064,6469
48556,21516,3.868970563404064,1615
5441,1199,3.868970563404064,7915
11757,1199,3.868970563404064,6504
1121,395,3.868970563404064,7461
47695,14879,3.868970563404064,3064
62342,568,3.868970563404064,698
34146,1199,3.868970563404064,5621
16115,1199,3.868970563404064,7422
11757,1199,3.868970563404064,6324
72827,14879,3.868970563404064,1154
54731,263,3.868970563404064,519
16074,1199,3.868970563404064,3218
60511,1199,3.868970563404064,3620
7463,1199,3.868970563404064,7210
36670,394,3.868970563404064,6087
47695,14879,3.868970563404064,2494
45260,16386,3.868970563404064,2414
7675,3268,3.868970563404064,7027
7348,1199,3.868970563404064,2818
48911,1199,3.868970563404064,5603
11757,1199,3.868970563404064,1823
34146,1199,3.868970563404064,3246
60511,1199,3.868970563404064,2718
19960,1199,3.868970563404064,5531
25382,394,3.868970563404064,3578
7849,2310,3.868970563404064,4049
7348,1199,3.868970563404064,2048
14454,395,3.868970563404064,3335
33644,14879,3.868970563404064,523
64087,13905,3.868970563404064,2388
69461,14879,3.868970563404064,3182
31705,13905,3.868970563404064,7795
11757,1199,3.868970563404064,3260
33644,14879,3.868970563404064,933
29687,395,3.868970563404064,4465
34982,10541,3.868970563404064,6930
17538,1199,3.868970563404064,3889
178,60,3.868970563404064,3574
14454,395,3.868970563404064,6178
10784,1075,3.868970563404064,3709
5441,1199,3.868970563404064,7684
7324,395,3.868970563404064,2765
72827,14879,3.868970563404064,1515
52445,18185,3.868970563404064,5596
47658,1199,3.868970563404064,737
35036,1199,3.868970563404064,4150
47695,14879,3.868970563404064,2330
21822,1199,3.868970563404064,2584
25382,394,3.868970563404064,1773
4372,1386,3.868970563404064,3849
1324,263,3.868970563404064,2306
1324,263,3.868970563404064,6849
60511,1199,3.868970563404064,1795
20891,568,3.868970563404064,8008
58046,1075,3.868970563404064,846
60511,1199,3.868970563404064,4692
34590,365,3.868970563404064,2078
13350,3268,3.868970563404064,1690
48911,1199,3.868970563404064,2260
17538,1199,3.868970563404064,3953
5441,1199,3.868970563404064,1029
21822,1199,3.868970563404064,2962
512,14,3.868970563404064,5319
48911,1199,3.868970563404064,1335
54731,263,3.868970563404064,3636
11757,1199,3.868970563404064,6243
34146,1199,3.868970563404064,3491
47658,1199,3.868970563404064,1054
66603,21516,3.868970563404064,455
40176,12224,3.868970563404064,5072
1525,568,3.868970563404064,2323
36380,765,3.868970563404064,2452
47658,1199,3.868970563404064,1588
53523,2055,3.868970563404064,4931
48148,7402,3.868970563404064,1303
1123,395,3.868970563404064,7248
60511,1199,3.868970563404064,1004
48911,1199,3.868970563404064,2197
25414,1075,3.868970563404064,7984
60511,1199,3.868970563404064,1574
26012,807,3.868970563404064,2071
51842,13228,3.868970563404064,5009
40153,14879,3.868970563404064,6838
5441,1199,3.868970563404064,2742
25852,1199,3.868970563404064,6289
35036,1199,3.868970563404064,6924
35036,1199,3.868970563404064,594
24905,1199,3.868970563404064,1514
30571,1303,3.868970563404064,307
1550,394,3.868970563404064,8155
71802,24445,3.868970563404064,2594
7348,1199,3.868970563404064,2921
7167,1315,3.868970563404064,22
45878,14,3.868970563404064,477
29687,395,3.868970563404064,5848
54731,263,3.868970563404064,3007
25852,1199,3.868970563404064,303
35036,1199,3.868970563404064,716
56887,3268,3.868970563404064,764
47695,14879,3.868970563404064,4721
47658,1199,3.868970563404064,4664
45878,14,3.868970563404064,5595
17538,1199,3.868970563404064,6236
56259,22167,3.868970563404064,3683
48911,1199,3.868970563404064,5391
45260,16386,3.868970563404064,4223
21822,1199,3.868970563404064,5394
24905,1199,3.868970563404064,1718
20575,9020,3.868970563404064,5586
15244,2098,3.868970563404064,4089
7463,1199,3.868970563404064,7547
60511,1199,3.868970563404064,3592
24905,1199,3.868970563404064,5931
7348,1199,3.868970563404064,4740
47658,1199,3.868970563404064,2075
20818,1075,3.868970563404064,2093
48911,1199,3.868970563404064,4907
7348,1199,3.868970563404064,3693
35036,1199,3.868970563404064,5972
11757,1199,3.868970563404064,5076
74488,765,3.868970563404064,1497
47695,14879,3.868970563404064,711
59966,1199,3.868970563404064,2035
3824,1417,3.868970563404064,1561
47658,1199,3.868970563404064,3456
48911,1199,3.868970563404064,2474
35036,1199,3.868970563404064,1341
7348,1199,3.868970563404064,590
7463,1199,3.868970563404064,3571
5441,1199,3.868970563404064,2654
11757,1199,3.868970563404064,2415
51917,14879,3.868970563404064,4849
5441,1199,3.868970563404064,2902
45991,365,3.868970563404064,4956
47695,14879,3.868970563404064,4194
28350,3268,3.868970563404064,7813
64727,7402,3.868970563404064,1302
727,263,3.868970563404064,1790
25852,1199,3.868970563404064,2231
24905,1199,3.868970563404064,1896
4073,1199,3.868970563404064,171
54134,14879,3.868970563404064,1312
47695,14879,3.868970563404064,1886
17538,1199,3.868970563404064,3663
35036,1199,3.868970563404064,5961
17538,1199,3.868970563404064,1757
7348,1199,3.868970563404064,5702
25382,394,3.868970563404064,6267
41688,394,3.868970563404064,6235
7348,1199,3.868970563404064,5774
62868,1199,3.868970563404064,3221
24905,1199,3.868970563404064,4212
429,1,3.868970563404064,8215
513,14,3.868970563404064,7112
727,263,3.868970563404064,2355
3003,395,3.868970563404064,6801
429,1,3.868970563404064,518
47695,14879,3.868970563404064,2884
47658,1199,3.868970563404064,2103
11757,1199,3.868970563404064,937
20478,1199,3.868970563404064,1657
17538,1199,3.868970563404064,4361
35036,1199,3.868970563404064,1848
47658,1199,3.868970563404064,1568
33624,14879,3.868970563404064,3434
36670,394,3.868970563404064,7964
55900,1199,3.868970563404064,5197
178,60,3.868970563404064,6109
21688,9020,3.868970563404064,1809
21800,14,3.868970563404064,6272
57110,14879,3.868970563404064,3712
33880,3403,3.868970563404064,4301
34146,1199,3.868970563404064,6145
21822,1199,3.868970563404064,105
45482,16386,3.868970563404064,2943
11757,1199,3.868970563404064,5674
54134,14879,3.868970563404064,543
58053,395,3.868970563404064,2070
20478,1199,3.868970563404064,1404
52211,14879,3.868970563404064,1147
21822,1199,3.868970563404064,7059
13350,3268,3.868970563404064,7463
15244,2098,3.868970563404064,1678
55900,1199,3.868970563404064,4479
38552,765,3.868970563404064,6669
22907,453,3.868970563404064,5
727,263,3.868970563404064,3018
3939,1417,3.868970563404064,7070
5441,1199,3.868970563404064,4912
17538,1199,3.868970563404064,2928
20478,1199,3.868970563404064,6623
20891,568,3.868970563404064,5058
10788,1075,3.868970563404064,2504
72827,14879,3.868970563404064,2409
16074,1199,3.868970563404064,2637
11757,1199,3.868970563404064,746
33624,14879,3.868970563404064,3761
7348,1199,3.868970563404064,4498
4014,1315,3.868970563404064,4419
10784,1075,3.868970563404064,2329
8422,3282,3.868970563404064,6895
47658,1199,3.868970563404064,1458
56887,3268,3.868970563404064,3758
429,1,3.868970563404064,2178
6551,1254,3.868970563404064,6086
24905,1199,3.868970563404064,1080
727,263,3.868970563404064,4576
44909,394,3.868970563404064,8294
48301,18012,3.868970563404064,532
962,365,3.868970563404064,2795
24905,1199,3.868970563404064,7617
7348,1199,3.868970563404064,4634
9118,1303,3.868970563404064,8090
49077,1199,3.868970563404064,4901
58053,395,3.868970563404064,2284
5441,1199,3.868970563404064,3978
34146,1199,3.868970563404064,2750
51483,9020,3.868970563404064,492
16638,3268,3.868970563404064,1332
7348,1199,3.868970563404064,5420
11757,1199,3.868970563404064,7683
7348,1199,3.868970563404064,151
6968,1315,3.868970563404064,8285
56071,1075,3.868970563404064,5829
5441,1199,3.868970563404064,1517
11757,1199,3.868970563404064,7514
74488,765,3.868970563404064,408
454,14,3.868970563404064,194
47695,14879,3.868970563404064,4378
7463,1199,3.868970563404064,4040
16074,1199,3.868970563404064,5213
5411,394,3.868970563404064,8237
21822,1199,3.868970563404064,3973
7348,1199,3.868970563404064,2992
24059,3268,3.868970563404064,3691
727,263,3.868970563404064,2331
47658,1199,3.868970563404064,1135
57110,14879,3.868970563404064,3331
41778,10541,3.868970563404064,3248
36367,13670,3.868970563404064,7663
5441,1199,3.868970563404064,3791
4073,1199,3.868970563404064,3323
34146,1199,3.868970563404064,719
63863,9020,3.868970563404064,520
47658,1199,3.868970563404064,884
21800,14,3.868970563404064,1223
69461,14879,3.868970563404064,2450
16074,1199,3.868970563404064,5927
33644,14879,3.868970563404064,1919
29145,263,3.868970563404064,1300
8679,1199,3.868970563404064,8087
43091,16386,3.868970563404064,4834
45878,14,3.868970563404064,880
29145,263,3.868970563404064,1801
60511,1199,3.868970563404064,4180
33662,14879,3.868970563404064,2318
33644,14879,3.868970563404064,6094
35036,1199,3.868970563404064,1037
21822,1199,3.868970563404064,262
54134,14879,3.868970563404064,6677
16115,1199,3.868970563404064,7678
33644,14879,3.868970563404064,1634
53495,365,3.868970563404064,3789
35036,1199,3.868970563404064,974
24905,1199,3.868970563404064,1761
47658,1199,3.868970563404064,2977
34361,394,3.868970563404064,5143
48911,1199,3.868970563404064,5336
35036,1199,3.868970563404064,1355
10784,1075,3.868970563404064,1043
47695,14879,3.868970563404064,4717
34146,1199,3.868970563404064,3463
51404,20638,3.868970563404064,3845
20470,394,3.868970563404064,524
33644,14879,3.868970563404064,482
19960,1199,3.868970563404064,7642
47658,1199,3.868970563404064,1225
35351,3965,3.868970563404064,666
52211,14879,3.868970563404064,2843
47658,1199,3.868970563404064,5216
43091,16386,3.868970563404064,5964
10788,1075,3.868970563404064,7893
66423,18012,3.868970563404064,1877
57172,22167,3.868970563404064,3916
69461,14879,3.868970563404064,589
21822,1199,3.868970563404064,5534
7348,1199,3.868970563404064,5155
11757,1199,3.868970563404064,8130
21822,1199,3.868970563404064,616
21822,1199,3.868970563404064,2341
24905,1199,3.868970563404064,5637
75087,394,3.868970563404064,517
38982,14879,3.868970563404064,5351
47658,1199,3.868970563404064,3602
16073,1199,3.868970563404064,7918
34416,5049,3.868970563404064,1921
17538,1199,3.868970563404064,4293
5547,971,3.868970563404064,1449
52211,14879,3.868970563404064,1793
11757,1199,3.868970563404064,7598
7463,1199,3.868970563404064,7709
47658,1199,3.868970563404064,2717
35036,1199,3.868970563404064,981
56259,22167,3.868970563404064,1092
19960,1199,3.868970563404064,4354
47658,1199,3.868970563404064,1680
57110,14879,3.868970563404064,3101
43312,394,3.868970563404064,2600
25852,1199,3.868970563404064,1583
1622,394,3.868970563404064,1172
25656,9020,3.868970563404064,2043
34146,1199,3.868970563404064,2203
31427,453,3.868970563404064,7374
1018,263,3.868970563404064,3836
45260,16386,3.868970563404064,4214
1542,576,3.868970563404064,7819
37518,14879,3.868970563404064,7299
5181,1487,3.868970563404064,4483
24905,1199,3.868970563404064,361
35036,1199,3.868970563404064,787
14973,3403,3.868970563404064,8216
35036,1199,3.868970563404064,6756
20539,394,3.868970563404064,6045
35036,1199,3.868970563404064,4060
35036,1199,3.868970563404064,4563
47658,1199,3.868970563404064,1132
10784,1075,3.868970563404064,674
4073,1199,3.868970563404064,6996
24722,9347,3.868970563404064,8040
10784,1075,3.868970563404064,2535
66030,24486,3.868970563404064,1538
24905,1199,3.868970563404064,174
35378,395,3.868970563404064,2592
12655,1303,3.868970563404064,7411
5441,1199,3.868970563404064,655
69202,1417,3.868970563404064,1465
30484,1199,3.868970563404064,7501
178,60,3.868970563404064,6839
25852,1199,3.868970563404064,1265
36380,765,3.868970563404064,1724
47658,1199,3.868970563404064,1445
11757,1199,3.868970563404064,7799
35036,1199,3.868970563404064,1412
38552,765,3.868970563404064,7046
1018,263,3.868970563404064,1600
48438,7402,3.868970563404064,209
47658,1199,3.868970563404064,5140
57110,14879,3.868970563404064,5578
16074,1199,3.868970563404064,4900
75087,394,3.868970563404064,725
11757,1199,3.868970563404064,2768
47695,14879,3.868970563404064,3183
55900,1199,3.868970563404064,5023
73369,2554,3.868970563404064,760
34146,1199,3.868970563404064,2247
74488,765,3.868970563404064,853
4073,1199,3.868970563404064,356
45878,14,3.868970563404064,2115
11757,1199,3.868970563404064,5196
25852,1199,3.868970563404064,3616
25852,1199,3.868970563404064,4522
2599,14,3.868970563404064,161
47658,1199,3.868970563404064,1733
11757,1199,3.868970563404064,2084
44684,13905,3.868970563404064,4468
35378,395,3.868970563404064,4159
55900,1199,3.868970563404064,1999
47658,1199,3.868970563404064,202
16074,1199,3.868970563404064,7745
798,289,3.868970563404064,7754
36270,10541,3.868970563404064,5346
47695,14879,3.868970563404064,1682
11757,1199,3.868970563404064,1188
55900,1199,3.868970563404064,3594
55900,1199,3.868970563404064,4584
72827,14879,3.868970563404064,1256
1598,60,3.868970563404064,7958
59015,22167,3.868970563404064,557
20539,394,3.868970563404064,649
34146,1199,3.868970563404064,5602
7348,1199,3.868970563404064,2503
48911,1199,3.868970563404064,3694
10784,1075,3.868970563404064,1560
57110,14879,3.868970563404064,1431
1154,394,3.868970563404064,7403
75087,394,3.868970563404064,1916
21822,1199,3.868970563404064,2135
68227,807,3.868970563404064,2128
19960,1199,3.868970563404064,3072
19960,1199,3.868970563404064,1201
56887,3268,3.868970563404064,3459
35036,1199,3.868970563404064,6671
7673,3268,3.868970563404064,744
3824,1417,3.868970563404064,7234
2572,807,3.868970563404064,6739
33880,3403,3.868970563404064,341
34146,1199,3.868970563404064,3987
48911,1199,3.868970563404064,6559
33644,14879,3.868970563404064,1134
55900,1199,3.868970563404064,5744
44161,14,3.868970563404064,5826
43091,16386,3.868970563404064,1830
56115,14879,3.868970563404064,989
16074,1199,3.868970563404064,3390
57668,21841,3.868970563404064,6859
20470,394,3.868970563404064,1845
35650,3268,3.868970563404064,27
20478,1199,3.868970563404064,3976
60511,1199,3.868970563404064,4841
64847,24447,3.868970563404064,1524
5411,394,3.868970563404064,5906
38552,765,3.868970563404064,753
76453,17783,3.868970563404064,3510
46386,365,3.868970563404064,4281
6523,14,3.868970563404064,2257
4073,1199,3.868970563404064,3122
58540,765,3.868970563404064,2813
45878,14,3.868970563404064,691
24905,1199,3.868970563404064,7109
7348,1199,3.868970563404064,3835
21704,263,3.868970563404064,2510
65682,3268,3.868970563404064,6611
6034,2414,3.868970563404064,7974
47695,14879,3.868970563404064,3846
15474,1454,3.868970563404064,6807
51483,9020,3.868970563404064,1483
1550,394,3.868970563404064,2762
75087,394,3.868970563404064,843
55027,14338,3.868970563404064,3495
21822,1199,3.868970563404064,3587
1324,263,3.868970563404064,4711
1018,263,3.868970563404064,2354
74488,765,3.868970563404064,1644
20539,394,3.868970563404064,5664
58053,395,3.868970563404064,932
58053,395,3.868970563404064,227
16073,1199,3.868970563404064,7344
54827,1199,3.868970563404064,842
13350,3268,3.868970563404064,3820
47695,14879,3.868970563404064,4729
36270,10541,3.868970563404064,133
7348,1199,3.868970563404064,4792
56259,22167,3.868970563404064,2583
59966,1199,3.868970563404064,3591
54731,263,3.868970563404064,3130
19123,1,3.868970563404064,7553
7463,1199,3.868970563404064,5240
75963,11203,3.868970563404064,2639
32486,14,3.868970563404064,6991
47695,14879,3.868970563404064,4612
20470,394,3.868970563404064,2806
7348,1199,3.868970563404064,1487
4073,1199,3.868970563404064,1841
17538,1199,3.868970563404064,1428
1018,263,3.868970563404064,7481
515,14,3.868970563404064,7432
4904,1417,3.868970563404064,3386
34146,1199,3.868970563404064,1274
7348,1199,3.868970563404064,4871
5441,1199,3.868970563404064,4549
74488,765,3.868970563404064,767
29145,263,3.868970563404064,4140
56887,3268,3.868970563404064,1328
47658,1199,3.868970563404064,4592
58027,365,3.868970563404064,2015
8203,807,3.868970563404064,228
17538,1199,3.868970563404064,6820
25852,1199,3.868970563404064,419
505,14,3.868970563404064,7067
51483,9020,3.868970563404064,447
959,365,3.868970563404064,2074
61800,16859,3.868970563404064,2032
36670,394,3.868970563404064,6136
25852,1199,3.868970563404064,2556
29145,263,3.868970563404064,7739
47695,14879,3.868970563404064,4694
21822,1199,3.868970563404064,5647
51404,20638,3.868970563404064,3
19960,1199,3.868970563404064,4037
56887,3268,3.868970563404064,1159
67578,395,3.868970563404064,3814
35036,1199,3.868970563404064,4434
5441,1199,3.868970563404064,586
24059,3268,3.868970563404064,7362
3517,394,3.868970563404064,8259
29145,263,3.868970563404064,4994
35649,3268,3.868970563404064,6453
22817,1463,3.868970563404064,2
55900,1199,3.868970563404064,572
8203,807,3.868970563404064,5741
7348,1199,3.868970563404064,5322
47658,1199,3.868970563404064,5562
7348,1199,3.868970563404064,5438
6523,14,3.868970563404064,1603
29687,395,3.868970563404064,2460
41557,6272,3.868970563404064,7346
57110,14879,3.868970563404064,4230
4014,1315,3.868970563404064,3256
55900,1199,3.868970563404064,7221
52159,1075,3.868970563404064,315
33644,14879,3.868970563404064,2338
20478,1199,3.868970563404064,1650
7348,1199,3.868970563404064,3093
21822,1199,3.868970563404064,2194
62868,1199,3.868970563404064,3141
35036,1199,3.868970563404064,6364
10784,1075,3.868970563404064,5973
13020,14,3.868970563404064,7879
75745,14365,3.868970563404064,1357
7348,1199,3.868970563404064,387
48911,1199,3.868970563404064,1505
66619,21516,3.868970563404064,704
33624,14879,3.868970563404064,4107
11493,5313,3.868970563404064,3525
33624,14879,3.868970563404064,6218
24905,1199,3.868970563404064,7487
5916,1,3.868970563404064,2881
60511,1199,3.868970563404064,3405
5441,1199,3.868970563404064,4635
35643,12224,3.868970563404064,4076
966,365,3.868970563404064,7484
7463,1199,3.868970563404064,3277
36670,394,3.868970563404064,1298
7675,3268,3.868970563404064,4295
21688,9020,3.868970563404064,5872
510,14,3.868970563404064,3763
55900,1199,3.868970563404064,2905
13350,3268,3.868970563404064,4229
5441,1199,3.868970563404064,1838
74488,765,3.868970563404064,770
10784,1075,3.868970563404064,574
47658,1199,3.868970563404064,1835
56115,14879,3.868970563404064,1818
4014,1315,3.868970563404064,8160
5547,971,3.868970563404064,2797
33644,14879,3.868970563404064,712
16074,1199,3.868970563404064,4312
55900,1199,3.868970563404064,793
75087,394,3.868970563404064,273
54908,12224,3.868970563404064,1994
53679,20658,3.868970563404064,3942
57110,14879,3.868970563404064,3760
7348,1199,3.868970563404064,5558
34146,1199,3.868970563404064,5167
48911,1199,3.868970563404064,4057
65339,395,3.868970563404064,824
56115,14879,3.868970563404064,411
436,163,3.868970563404064,3771
53779,14879,3.868970563404064,3585
17538,1199,3.868970563404064,1879
11757,1199,3.868970563404064,959
56887,3268,3.868970563404064,4533
25852,1199,3.868970563404064,3022
429,1,3.868970563404064,2481
47695,14879,3.868970563404064,1454
966,365,3.868970563404064,4476
38683,13905,3.868970563404064,5400
54731,263,3.868970563404064,2316
11757,1199,3.868970563404064,6111
1324,263,3.868970563404064,7407
40765,16791,3.868970563404064,4329
37518,14879,3.868970563404064,6788
75940,25684,3.868970563404064,425
54731,263,3.868970563404064,7525
47695,14879,3.868970563404064,1137
24905,1199,3.868970563404064,7452
25852,1199,3.868970563404064,1992
18310,3403,3.868970563404064,4768
51483,9020,3.868970563404064,1508
56259,22167,3.868970563404064,910
24905,1199,3.868970563404064,1794
16638,3268,3.868970563404064,2027
20478,1199,3.868970563404064,3219
54827,1199,3.868970563404064,4134
69461,14879,3.868970563404064,1569
11757,1199,3.868970563404064,6608
11493,5313,3.868970563404064,2402
54265,395,3.868970563404064,4186
60511,1199,3.868970563404064,3187
7348,1199,3.868970563404064,1687
9906,394,3.868970563404064,6560
64550,1199,3.868970563404064,5572
54731,263,3.868970563404064,371
40153,14879,3.868970563404064,1193
37930,13614,3.868970563404064,6969
58053,395,3.868970563404064,3425
20447,2098,3.868970563404064,5476
33644,14879,3.868970563404064,692
16074,1199,3.868970563404064,5976
20478,1199,3.868970563404064,3048
40153,14879,3.868970563404064,1750
5441,1199,3.868970563404064,279
72827,14879,3.868970563404064,1878
34590,365,3.868970563404064,7081
7694,3282,3.868970563404064,796
21822,1199,3.868970563404064,320
47658,1199,3.868970563404064,6127
72827,14879,3.868970563404064,1457
20539,394,3.868970563404064,648
4073,1199,3.868970563404064,1095
40153,14879,3.868970563404064,4820
60511,1199,3.868970563404064,3637
37403,1199,3.868970563404064,1708
22450,3268,3.868970563404064,7765
47694,14879,3.868970563404064,3085
4073,1199,3.868970563404064,1216
33662,14879,3.868970563404064,5371
60511,1199,3.868970563404064,4366
29145,263,3.868970563404064,2955
17538,1199,3.868970563404064,2859
47695,14879,3.868970563404064,2294
25382,394,3.868970563404064,1528
48525,365,3.868970563404064,2162
966,365,3.868970563404064,7287
1123,395,3.868970563404064,2205
25852,1199,3.868970563404064,931
5441,1199,3.868970563404064,5224
33644,14879,3.868970563404064,642
20893,9020,3.868970563404064,5000
16083,14,3.868970563404064,413
47695,14879,3.868970563404064,3970
35649,3268,3.868970563404064,6869
47658,1199,3.868970563404064,3126
47658,1199,3.868970563404064,1402
7348,1199,3.868970563404064,779
72827,14879,3.868970563404064,874
76296,1497,3.868970563404064,669
727,263,3.868970563404064,2199
25656,9020,3.868970563404064,6401
7348,1199,3.868970563404064,1791
34361,394,3.868970563404064,6219
29145,263,3.868970563404064,1726
33644,14879,3.868970563404064,2122
25852,1199,3.868970563404064,2702
1550,394,3.868970563404064,2579
727,263,3.868970563404064,410
19960,1199,3.868970563404064,196
58920,1075,3.868970563404064,1535
35036,1199,3.868970563404064,1854
36380,765,3.868970563404064,6479
25250,12003,3.868970563404064,654
28350,3268,3.868970563404064,7019
47695,14879,3.868970563404064,5381
3606,1315,3.868970563404064,1175
72118,16386,3.868970563404064,2618
6769,1315,3.868970563404064,2675
75907,23246,3.868970563404064,198
6769,1315,3.868970563404064,7868
48911,1199,3.868970563404064,1512
53497,1199,3.868970563404064,2794
17538,1199,3.868970563404064,2632
727,263,3.868970563404064,7467
48911,1199,3.868970563404064,9
55900,1199,3.868970563404064,1089
25852,1199,3.868970563404064,1599
47695,14879,3.868970563404064,5238
76694,1199,3.868970563404064,158
11757,1199,3.868970563404064,1200
19960,1199,3.868970563404064,1232
4073,1199,3.868970563404064,3409
21822,1199,3.868970563404064,816
4073,1199,3.868970563404064,1164
51483,9020,3.868970563404064,3271
54731,263,3.868970563404064,3245
72827,14879,3.868970563404064,1381
60511,1199,3.868970563404064,3105
3825,1463,3.868970563404064,4960
38468,16269,3.868970563404064,3374
58914,1199,3.868970563404064,406
47658,1199,3.868970563404064,653
10785,1075,3.868970563404064,1814
4786,1315,3.868970563404064,6774
47658,1199,3.868970563404064,1691
4371,1386,3.868970563404064,3542
16073,1199,3.868970563404064,7456
47658,1199,3.868970563404064,260
37403,1199,3.868970563404064,1537
72827,14879,3.868970563404064,561
60511,1199,3.868970563404064,4132
75850,14879,3.868970563404064,1228
60511,1199,3.868970563404064,2770
40153,14879,3.868970563404064,6155
54134,14879,3.868970563404064,208
25852,1199,3.868970563404064,2112
20539,394,3.868970563404064,6342
7348,1199,3.868970563404064,5768
47658,1199,3.868970563404064,1184
3606,1315,3.868970563404064,8151
51483,9020,3.868970563404064,807
45991,365,3.868970563404064,2672
58046,1075,3.868970563404064,6831
23328,3407,3.868970563404064,7906
47658,1199,3.868970563404064,1424
28350,3268,3.868970563404064,2868
19960,1199,3.868970563404064,7742
55900,1199,3.868970563404064,2601
47658,1199,3.868970563404064,5135
59015,22167,3.868970563404064,958
23474,1199,3.868970563404064,5153
75907,23246,3.868970563404064,2419
66423,18012,3.868970563404064,4856
47695,14879,3.868970563404064,3655
17538,1199,3.868970563404064,1660
34146,1199,3.868970563404064,5401
69078,395,3.868970563404064,3003
11757,1199,3.868970563404064,2973
59736,395,3.868970563404064,3997
54731,263,3.868970563404064,1774
77199,27021,3.868970563404064,72
20893,9020,3.868970563404064,5643
47658,1199,3.868970563404064,1673
7675,3268,3.868970563404064,3156
33662,14879,3.868970563404064,2657
16638,3268,3.868970563404064,1867
51575,1,3.868970563404064,1772
727,263,3.868970563404064,3348
19960,1199,3.868970563404064,7835
19960,1199,3.868970563404064,7205
10784,1075,3.868970563404064,2264
7348,1199,3.868970563404064,1701
20893,9020,3.868970563404064,230
962,365,3.868970563404064,1779
16638,3268,3.868970563404064,32
24905,1199,3.868970563404064,6011
727,263,3.868970563404064,2889
75907,23246,3.868970563404064,188
20478,1199,3.868970563404064,2633
35036,1199,3.868970563404064,1383
7348,1199,3.868970563404064,1565
5411,394,3.868970563404064,6980
47658,1199,3.868970563404064,728
25852,1199,3.868970563404064,696
47658,1199,3.868970563404064,2010
45878,14,3.868970563404064,125
47658,1199,3.868970563404064,1530
29145,263,3.868970563404064,2211
966,365,3.868970563404064,2960
25852,1199,3.868970563404064,559
47658,1199,3.868970563404064,943
60686,3268,3.868970563404064,3225
37518,14879,3.868970563404064,57
47658,1199,3.868970563404064,942
727,263,3.868970563404064,1553
58850,3268,3.868970563404064,3809
33644,14879,3.868970563404064,659
33644,14879,3.868970563404064,7326
28350,3268,3.868970563404064,5370
38552,765,3.868970563404064,6636
47658,1199,3.868970563404064,4993
40595,10541,3.868970563404064,686
41778,10541,3.868970563404064,1971
51404,20638,3.868970563404064,247
28350,3268,3.868970563404064,2446
29687,395,3.868970563404064,1008
21822,1199,3.868970563404064,997
34146,1199,3.868970563404064,26
4374,1386,3.868970563404064,2423
58053,395,3.868970563404064,1025
960,365,3.868970563404064,2097
74488,765,3.868970563404064,848
7348,1199,3.868970563404064,372
3606,1315,3.868970563404064,8171
40176,12224,3.868970563404064,5237
55900,1199,3.868970563404064,4653
35036,1199,3.868970563404064,815
62419,12224,3.868970563404064,92
7324,395,3.868970563404064,3309
20478,1199,3.868970563404064,1948
33644,14879,3.868970563404064,3298
11757,1199,3.868970563404064,5997
727,263,3.868970563404064,1475
4904,1417,3.868970563404064,1
48911,1199,3.868970563404064,5097
57110,14879,3.868970563404064,3461
63894,10541,3.868970563404064,2400
54731,263,3.868970563404064,3443
72706,1199,3.868970563404064,2851
39289,14756,3.868970563404064,5175
57110,14879,3.868970563404064,1460
54134,14879,3.868970563404064,1079
20478,1199,3.868970563404064,3100
176,60,3.868970563404064,6374
45878,14,3.868970563404064,270
28952,13397,3.868970563404064,2833
24059,3268,3.868970563404064,6779
33644,14879,3.868970563404064,7122
966,365,3.868970563404064,23
25852,1199,3.868970563404064,3027
6523,14,3.868970563404064,3960
960,365,3.868970563404064,4596
4920,1315,3.868970563404064,61
727,263,3.868970563404064,1239
25414,1075,3.868970563404064,866
5761,807,3.868970563404064,3876
25852,1199,3.868970563404064,2326
58914,1199,3.868970563404064,1291
4014,1315,3.868970563404064,4519
47658,1199,3.868970563404064,460
55027,14338,3.868970563404064,3112
29687,395,3.868970563404064,2664
25852,1199,3.868970563404064,1052
62737,13831,3.868970563404064,4322
69461,14879,3.868970563404064,124
34146,1199,3.868970563404064,4744
25656,9020,3.868970563404064,5611
40815,12224,3.868970563404064,4400
7348,1199,3.868970563404064,4566
4073,1199,3.868970563404064,496
76810,24445,3.868970563404064,176
5487,2098,3.868970563404064,798
75087,394,3.868970563404064,579
11493,5313,3.868970563404064,3926
47695,14879,3.868970563404064,4905
45991,365,3.868970563404064,3326
37403,1199,3.868970563404064,916
15244,2098,3.868970563404064,3470
7348,1199,3.868970563404064,1778
4073,1199,3.868970563404064,1623
47658,1199,3.868970563404064,1543
17538,1199,3.868970563404064,1642
4872,1068,3.868970563404064,641
45482,16386,3.868970563404064,2815
60511,1199,3.868970563404064,3429
21822,1199,3.868970563404064,4995
47695,14879,3.868970563404064,2486
62237,20638,3.868970563404064,1873
76696,1199,3.868970563404064,2458
31705,13905,3.868970563404064,3416
1550,394,3.868970563404064,6313
60686,3268,3.868970563404064,326
60511,1199,3.868970563404064,19
2106,394,3.868970563404064,531
64096,14879,3.868970563404064,118
20470,394,3.868970563404064,338
54134,14879,3.868970563404064,1361
19960,1199,3.868970563404064,7890
20893,9020,3.868970563404064,5992
24905,1199,3.868970563404064,678
37518,14879,3.868970563404064,6732
47658,1199,3.868970563404064,489
20478,1199,3.868970563404064,598
29145,263,3.868970563404064,5257
513,14,3.868970563404064,1379
54731,263,3.868970563404064,3318
57110,14879,3.868970563404064,4365
45991,365,3.868970563404064,143
961,365,3.868970563404064,8126
52211,14879,3.868970563404064,4511
35036,1199,3.868970563404064,1101
2572,807,3.868970563404064,305
7348,1199,3.868970563404064,109
1549,394,3.868970563404064,6988
71164,14,3.868970563404064,2466
66229,12003,3.868970563404064,3301
429,1,3.868970563404064,901
11757,1199,3.868970563404064,7741
25852,1199,3.868970563404064,1403
47695,14879,3.868970563404064,401
966,365,3.868970563404064,319
47658,1199,3.868970563404064,1176
29687,395,3.868970563404064,7266
10784,1075,3.868970563404064,2278
46634,14338,3.868970563404064,4702
1525,568,3.868970563404064,7140
48556,21516,3.868970563404064,351
7348,1199,3.868970563404064,2828
51483,9020,3.868970563404064,700
47695,14879,3.868970563404064,558
24905,1199,3.868970563404064,4850
21772,1127,3.868970563404064,7967
47658,1199,3.868970563404064,930
73411,263,3.868970563404064,1476
63066,14,3.868970563404064,3689
7167,1315,3.868970563404064,1233
71868,16041,3.868970563404064,2610
54134,14879,3.868970563404064,377
54265,395,3.868970563404064,4565
23474,1199,3.868970563404064,7414
60511,1199,3.868970563404064,3909
47695,14879,3.868970563404064,457
54827,1199,3.868970563404064,1370
29145,263,3.868970563404064,1347
3606,1315,3.868970563404064,7628
20478,1199,3.868970563404064,5491
6523,14,3.868970563404064,820
72394,14,3.868970563404064,1362
47659,1199,3.868970563404064,3898
47658,1199,3.868970563404064,530
47421,6513,3.868970563404064,4363
7675,3268,3.868970563404064,1100
9906,394,3.868970563404064,817
7348,1199,3.868970563404064,367
26012,807,3.868970563404064,635
54731,263,3.868970563404064,2597
53779,14879,3.868970563404064,1323
36862,14879,3.868970563404064,6681
47658,1199,3.868970563404064,1000
52211,14879,3.868970563404064,391
20478,1199,3.868970563404064,1443
21688,9020,3.868970563404064,4507
69461,14879,3.868970563404064,2041
7348,1199,3.868970563404064,3059
76963,1075,3.868970563404064,409
25852,1199,3.868970563404064,2800
31705,13905,3.868970563404064,1576
20478,1199,3.868970563404064,991
5487,2098,3.868970563404064,577
28951,13397,3.868970563404064,6526
75087,394,3.868970563404064,915
6551,1254,3.868970563404064,4126
38468,16269,3.868970563404064,1707
25468,568,3.868970563404064,7330
76417,16321,3.868970563404064,345
436,163,3.868970563404064,624
58914,1199,3.868970563404064,3818
10785,1075,3.868970563404064,5267
10784,1075,3.868970563404064,6257
436,163,3.868970563404064,2999
72330,1075,3.868970563404064,1245
48556,21516,3.868970563404064,2681
44914,1199,3.868970563404064,5624
3939,1417,3.868970563404064,1082
35036,1199,3.868970563404064,587
33662,14879,3.868970563404064,6191
58046,1075,3.868970563404064,1450
65447,21841,3.868970563404064,2138
52211,14879,3.868970563404064,3147
35036,1199,3.868970563404064,1320
72827,14879,3.868970563404064,1649
1791,60,3.868970563404064,1371
963,365,3.868970563404064,1547
2106,394,3.868970563404064,680
20478,1199,3.868970563404064,920
56071,1075,3.868970563404064,872
15244,2098,3.868970563404064,668
56071,1075,3.868970563404064,3402
10784,1075,3.868970563404064,2089
60511,1199,3.868970563404064,2736
33662,14879,3.868970563404064,583
35064,15527,3.868970563404064,5038
20470,394,3.868970563404064,929
47658,1199,3.868970563404064,3009
37403,1199,3.868970563404064,2623
66478,9020,3.868970563404064,2763
56887,3268,3.868970563404064,300
37403,1199,3.868970563404064,3285
6523,14,3.868970563404064,2224
25852,1199,3.868970563404064,1715
7463,1199,3.868970563404064,2377
56887,3268,3.868970563404064,3316
21822,1199,3.868970563404064,375
20112,3207,3.868970563404064,14
54731,263,3.868970563404064,773
48911,1199,3.868970563404064,4823
35036,1199,3.868970563404064,4002
48911,1199,3.868970563404064,3659
56981,21841,3.868970563404064,2660
25852,1199,3.868970563404064,2206
34590,365,3.868970563404064,358
16074,1199,3.868970563404064,296
5441,1199,3.868970563404064,877
56887,3268,3.868970563404064,2039
47695,14879,3.868970563404064,1632
20417,395,3.868970563404064,4453
59015,22167,3.868970563404064,1555
54731,263,3.868970563404064,334
12073,5313,3.868970563404064,99
20891,568,3.868970563404064,6819
54731,263,3.868970563404064,4679
56259,22167,3.868970563404064,2276
54134,14879,3.868970563404064,1024
2718,860,3.868970563404064,1330
1550,394,3.868970563404064,588
29145,263,3.868970563404064,2086
54772,13831,3.868970563404064,3165
7463,1199,3.868970563404064,2280
24905,1199,3.868970563404064,365
72827,14879,3.868970563404064,1613
64096,14879,3.868970563404064,3001
69461,14879,3.868970563404064,2188
69461,14879,3.868970563404064,1739
48911,1199,3.868970563404064,1843
966,365,3.868970563404064,1152
43893,7402,3.868970563404064,568
69461,14879,3.868970563404064,1525
54731,263,3.868970563404064,721
58914,1199,3.868970563404064,17
59548,14879,3.868970563404064,4235
5441,1199,3.868970563404064,1055
57110,14879,3.868970563404064,2566
41613,12224,3.868970563404064,190
56259,22167,3.868970563404064,3962
56115,14879,3.868970563404064,2282
76696,1199,3.868970563404064,168
1123,395,3.868970563404064,3137
11757,1199,3.868970563404064,2897
29145,263,3.868970563404064,4650
2725,850,3.868970563404064,4
76508,26990,3.868970563404064,1315
47658,1199,3.868970563404064,1451
34146,1199,3.868970563404064,4767
54134,14879,3.868970563404064,1851
55900,1199,3.868970563404064,4397
67533,1199,3.868970563404064,2011
57110,14879,3.868970563404064,1811
56887,3268,3.868970563404064,3249
54731,263,3.868970563404064,2261
75907,23246,3.868970563404064,290
45482,16386,3.868970563404064,2152
62765,1199,3.868970563404064,2845
47658,1199,3.868970563404064,1143
1018,263,3.868970563404064,1612
47695,14879,3.868970563404064,3734
4073,1199,3.868970563404064,2272
727,263,3.868970563404064,2945
54908,12224,3.868970563404064,1520
73411,263,3.868970563404064,2104
52211,14879,3.868970563404064,1097
51792,15636,3.868970563404064,500
19960,1199,3.868970563404064,2693
58027,365,3.868970563404064,2487
45878,14,3.868970563404064,607
35036,1199,3.868970563404064,6606
65339,395,3.868970563404064,2932
53010,7402,3.868970563404064,1336
46088,16386,3.868970563404064,3748
29145,263,3.868970563404064,2478
49571,11863,3.868970563404064,540
15244,2098,3.868970563404064,1209
63654,2446,3.868970563404064,3557
4073,1199,3.868970563404064,1521
47695,14879,3.868970563404064,1780
74921,22430,3.868970563404064,1595
58940,21841,3.868970563404064,2200
13350,3268,3.868970563404064,7427
69174,395,3.868970563404064,3707
20818,1075,3.868970563404064,993
52211,14879,3.868970563404064,4848
64096,14879,3.868970563404064,3393
8203,807,3.868970563404064,486
43091,16386,3.868970563404064,3202
59827,13831,3.868970563404064,3617
76685,23246,3.868970563404064,195
69461,14879,3.868970563404064,263
20478,1199,3.868970563404064,6632
54731,263,3.868970563404064,397
454,14,3.868970563404064,74
64233,14484,3.868970563404064,3205
58914,1199,3.868970563404064,2910
48525,365,3.868970563404064,4074
60511,1199,3.868970563404064,3537
75850,14879,3.868970563404064,476
53779,14879,3.868970563404064,521
74675,26990,3.868970563404064,927
75856,25684,3.868970563404064,33
73242,26816,3.868970563404064,1183
45878,14,3.868970563404064,550
43944,1454,3.868970563404064,564
40765,16791,3.868970563404064,245
64708,5500,3.868970563404064,2853
6523,14,3.868970563404064,1123
73498,7402,3.868970563404064,2971
69461,14879,3.868970563404064,1826
40176,12224,3.868970563404064,160
25153,5510,3.868970563404064,6591
67236,24445,3.868970563404064,2321
47695,14879,3.868970563404064,2563
60511,1199,3.868970563404064,3485
48525,365,3.868970563404064,833
43091,16386,3.868970563404064,4813
3606,1315,3.868970563404064,949
29145,263,3.868970563404064,7363
72827,14879,3.868970563404064,2016
75788,7601,3.868970563404064,7244
76780,2446,3.868970563404064,235
4073,1199,3.868970563404064,111
512,14,3.868970563404064,1040
35036,1199,3.868970563404064,1360
65339,395,3.868970563404064,1953
37518,14879,3.868970563404064,679
37518,14879,3.868970563404064,31
64096,14879,3.868970563404064,487
76265,27797,3.868970563404064,403
31703,14,3.868970563404064,1414
21217,6272,3.868970563404064,1372
75850,14879,3.868970563404064,277
37518,14879,3.868970563404064,30
7675,3268,3.868970563404064,4559
52211,14879,3.868970563404064,2125
47541,9020,3.868970563404064,1740
41767,1303,3.868970563404064,652
798,289,3.868970563404064,1042
46634,14338,3.868970563404064,29
62419,12224,3.868970563404064,2781
47695,14879,3.868970563404064,950
47695,14879,3.868970563404064,136
69202,1417,3.868970563404064,1244
59125,12224,3.868970563404064,28
59015,22167,3.868970563404064,467
20478,1199,3.868970563404064,1824
55905,20268,3.868970563404064,21
54731,263,3.868970563404064,983
7348,1199,3.868970563404064,604
75683,394,3.868970563404064,1836
54724,20658,3.868970563404064,4573
55900,1199,3.868970563404064,25
51483,9020,3.868970563404064,1540
75087,394,3.868970563404064,335
20575,9020,3.868970563404064,3090
52211,14879,3.868970563404064,1531
4920,1315,3.868970563404064,3389
54724,20658,3.868970563404064,894
51483,9020,3.868970563404064,2988
6551,1254,3.868970563404064,2001
45878,14,3.868970563404064,216
52211,14879,3.868970563404064,629
436,163,3.868970563404064,2808
15280,5049,3.868970563404064,4489
76996,24445,3.868970563404064,18
40028,395,3.868970563404064,1182
69174,395,3.868970563404064,197
75876,1199,3.868970563404064,139
59125,12224,3.868970563404064,439
74921,22430,3.868970563404064,2292
72827,14879,3.868970563404064,990
54134,14879,3.868970563404064,695
77116,24445,3.868970563404064,100
72827,14879,3.868970563404064,490
34982,10541,3.868970563404064,24
71917,1199,3.868970563404064,13
17538,1199,3.868970563404064,7169
16074,1199,3.868970563404064,1264
54731,263,3.868970563404064,3423
33927,14879,3.868970563404064,5841
436,163,3.868970563404064,7562
33644,14879,3.868970563404064,2983
40176,12224,3.868970563404064,6923
21521,2055,3.868970563404064,7719
4073,1199,3.868970563404064,5031
11757,1199,3.868970563404064,3631
7348,1199,3.868970563404064,3010
36670,394,3.868970563404064,2998
48911,1199,3.868970563404064,6167
21704,263,3.868970563404064,5352
35351,3965,3.868970563404064,7370
5441,1199,3.868970563404064,4928
19960,1199,3.868970563404064,5522
34146,1199,3.868970563404064,2407
4904,1417,3.868970563404064,8161
29687,395,3.868970563404064,7105
63220,23020,3.868970563404064,1495
16074,1199,3.868970563404064,7308
16074,1199,3.868970563404064,7543
21688,9020,3.868970563404064,5172
45991,365,3.868970563404064,1602
3606,1315,3.868970563404064,6932
20575,9020,3.868970563404064,6919
19960,1199,3.868970563404064,5107
47658,1199,3.868970563404064,444
20539,394,3.868970563404064,3648
505,14,3.868970563404064,6288
19960,1199,3.868970563404064,5114
59439,568,3.868970563404064,3790
41613,12224,3.868970563404064,5835
34146,1199,3.868970563404064,6522
19960,1199,3.868970563404064,3223
436,163,3.868970563404064,7593
16074,1199,3.868970563404064,1764
19960,1199,3.868970563404064,6977
11757,1199,3.868970563404064,6464
7463,1199,3.868970563404064,2586
1791,60,3.868970563404064,8203
16115,1199,3.868970563404064,7779
17538,1199,3.868970563404064,5908
33662,14879,3.868970563404064,6332
4904,1417,3.868970563404064,3555
29687,395,3.868970563404064,6625
7673,3268,3.868970563404064,547
429,1,3.868970563404064,6151
5441,1199,3.868970563404064,3086
35036,1199,3.868970563404064,2464
30034,13670,3.868970563404064,5284
21822,1199,3.868970563404064,3940
58053,395,3.868970563404064,3645
47658,1199,3.868970563404064,1846
5441,1199,3.868970563404064,871
37518,14879,3.868970563404064,1536
69202,1417,3.868970563404064,611
11757,1199,3.868970563404064,6028
19960,1199,3.868970563404064,2727
436,163,3.868970563404064,8105
33644,14879,3.868970563404064,4032
4073,1199,3.868970563404064,2587
16074,1199,3.868970563404064,3646
21822,1199,3.868970563404064,3127
5441,1199,3.868970563404064,5920
21556,568,3.868970563404064,6598
7463,1199,3.868970563404064,3703
21822,1199,3.868970563404064,5652
178,60,3.868970563404064,7666
2718,860,3.868970563404064,7026
25520,2310,3.868970563404064,4899
72827,14879,3.868970563404064,644
47658,1199,3.868970563404064,3569
5441,1199,3.868970563404064,8220
727,263,3.868970563404064,1630
11757,1199,3.868970563404064,3071
58920,1075,3.868970563404064,1984
20478,1199,3.868970563404064,3395
55900,1199,3.868970563404064,4232
19960,1199,3.868970563404064,1185
48556,21516,3.868970563404064,1758
7324,395,3.868970563404064,5766
727,263,3.868970563404064,8189
11757,1199,3.868970563404064,2019
13350,3268,3.868970563404064,1305
3824,1417,3.868970563404064,5011
4904,1417,3.868970563404064,5917
60511,1199,3.868970563404064,2948
33927,14879,3.868970563404064,5249
7463,1199,3.868970563404064,1149
49490,936,3.868970563404064,3500
68372,1254,3.868970563404064,5869
23474,1199,3.868970563404064,5938
727,263,3.868970563404064,4819
10785,1075,3.868970563404064,4948
11757,1199,3.868970563404064,3784
11757,1199,3.868970563404064,2869
48911,1199,3.868970563404064,3584
33644,14879,3.868970563404064,2253
7348,1199,3.868970563404064,2300
1018,263,3.868970563404064,8096
36376,13905,3.868970563404064,7051
7463,1199,3.868970563404064,64
13350,3268,3.868970563404064,4712
47695,14879,3.868970563404064,4992
48911,1199,3.868970563404064,3851
19558,850,3.868970563404064,7471
5441,1199,3.868970563404064,1155
47658,1199,3.868970563404064,468
62101,23020,3.868970563404064,446
7348,1199,3.868970563404064,5358
11757,1199,3.868970563404064,221
19960,1199,3.868970563404064,6354
19960,1199,3.868970563404064,1442
727,263,3.868970563404064,2774
2324,394,3.868970563404064,8060
7348,1199,3.868970563404064,3066
33644,14879,3.868970563404064,4547
10784,1075,3.868970563404064,1709
7463,1199,3.868970563404064,6278
25382,394,3.868970563404064,7730
1550,394,3.868970563404064,8121
4904,1417,3.868970563404064,7119
2572,807,3.868970563404064,7269
23474,1199,3.868970563404064,7814
29145,263,3.868970563404064,4914
15280,5049,3.868970563404064,5926
7463,1199,3.868970563404064,5720
11757,1199,3.868970563404064,841
19960,1199,3.868970563404064,2240
55900,1199,3.868970563404064,2531
14301,807,3.868970563404064,2927
57640,1199,3.868970563404064,4099
16074,1199,3.868970563404064,5989
64848,24447,3.868970563404064,1592
28350,3268,3.868970563404064,2867
5487,2098,3.868970563404064,7690
20478,1199,3.868970563404064,3109
13152,3282,3.868970563404064,2807
11757,1199,3.868970563404064,5892
3824,1417,3.868970563404064,4943
20470,394,3.868970563404064,7018
41816,1199,3.868970563404064,6148
25382,394,3.868970563404064,1146
16638,3268,3.868970563404064,1337
17538,1199,3.868970563404064,865
4371,1386,3.868970563404064,4538
24905,1199,3.868970563404064,7123
1550,394,3.868970563404064,1506
20470,394,3.868970563404064,1664
17538,1199,3.868970563404064,7526
37518,14879,3.868970563404064,1410
19960,1199,3.868970563404064,4249
429,1,3.868970563404064,3241
5441,1199,3.868970563404064,4035
37518,14879,3.868970563404064,7561
16074,1199,3.868970563404064,1498
47658,1199,3.868970563404064,4710
20470,394,3.868970563404064,7430
436,163,3.868970563404064,8002
35717,365,3.868970563404064,6485
966,365,3.868970563404064,4913
3824,1417,3.868970563404064,6456
20539,394,3.868970563404064,3242
1324,263,3.868970563404064,7491
19960,1199,3.868970563404064,7552
10784,1075,3.868970563404064,7766
37518,14879,3.868970563404064,4494
2719,860,3.868970563404064,8303
35036,1199,3.868970563404064,2685
22272,1497,3.868970563404064,7256
4073,1199,3.868970563404064,5685
3824,1417,3.868970563404064,7991
16074,1199,3.868970563404064,485
14592,2446,3.868970563404064,7640
56071,1075,3.868970563404064,4611
20539,394,3.868970563404064,6462
16074,1199,3.868970563404064,5626
16115,1199,3.868970563404064,7810
8555,1315,3.868970563404064,7595
19960,1199,3.868970563404064,1339
19960,1199,3.868970563404064,3489
5441,1199,3.868970563404064,7389
33227,365,3.868970563404064,5367
4904,1417,3.868970563404064,2744
4920,1315,3.868970563404064,1606
28350,3268,3.868970563404064,6507
34146,1199,3.868970563404064,4100
47694,14879,3.868970563404064,3289
16074,1199,3.868970563404064,4685
5441,1199,3.868970563404064,7758
16074,1199,3.868970563404064,907
21822,1199,3.868970563404064,3782
60511,1199,3.868970563404064,3193
20478,1199,3.868970563404064,5699
19960,1199,3.868970563404064,2819
35036,1199,3.868970563404064,967
47658,1199,3.868970563404064,1815
11493,5313,3.868970563404064,8278
15203,1497,3.868970563404064,4545
11757,1199,3.868970563404064,7516
963,365,3.868970563404064,7068
5487,2098,3.868970563404064,6857
429,1,3.868970563404064,6252
19960,1199,3.868970563404064,3050
11757,1199,3.868970563404064,4083
19960,1199,3.868970563404064,5502
35036,1199,3.868970563404064,4600
11757,1199,3.868970563404064,7807
11757,1199,3.868970563404064,5559
11757,1199,3.868970563404064,1267
11757,1199,3.868970563404064,844
3824,1417,3.868970563404064,4268
17538,1199,3.868970563404064,1653
35649,3268,3.868970563404064,7135
966,365,3.868970563404064,5945
13350,3268,3.868970563404064,7916
5916,1,3.868970563404064,1519
35036,1199,3.868970563404064,6129
22464,453,3.868970563404064,7611
11757,1199,3.868970563404064,6685
19960,1199,3.868970563404064,5333
11757,1199,3.868970563404064,7148
20893,9020,3.868970563404064,5930
21822,1199,3.868970563404064,141
43893,7402,3.868970563404064,4205
40153,14879,3.868970563404064,5194
959,365,3.868970563404064,7000
10784,1075,3.868970563404064,5658
25852,1199,3.868970563404064,1641
64348,16859,3.868970563404064,2847
14301,807,3.868970563404064,8084
20470,394,3.868970563404064,7805
7463,1199,3.868970563404064,3097
429,1,3.868970563404064,8228
11757,1199,3.868970563404064,6156
37518,14879,3.868970563404064,2301
6523,14,3.868970563404064,1074
11757,1199,3.868970563404064,5800
178,60,3.868970563404064,6369
798,289,3.868970563404064,7446
1550,394,3.868970563404064,1283
58053,395,3.868970563404064,3959
35036,1199,3.868970563404064,321
966,365,3.868970563404064,4259
52211,14879,3.868970563404064,745
5441,1199,3.868970563404064,5590
1550,394,3.868970563404064,1113
11757,1199,3.868970563404064,2417
74662,1199,3.868970563404064,784
1123,395,3.868970563404064,7838
61801,16859,3.868970563404064,6942
11757,1199,3.868970563404064,8010
34146,1199,3.868970563404064,4260
52211,14879,3.868970563404064,5723
3824,1417,3.868970563404064,8273
21822,1199,3.868970563404064,7812
966,365,3.868970563404064,1527
5441,1199,3.868970563404064,1252
38468,16269,3.868970563404064,6428
21822,1199,3.868970563404064,166
5411,394,3.868970563404064,1466
71318,23468,3.868970563404064,2249
25852,1199,3.868970563404064,1546
65682,3268,3.868970563404064,4435
21822,1199,3.868970563404064,7398
176,60,3.868970563404064,6118
5441,1199,3.868970563404064,7218
19960,1199,3.868970563404064,7978
20539,394,3.868970563404064,5306
36269,10541,3.868970563404064,6615
47658,1199,3.868970563404064,2057
21704,263,3.868970563404064,3341
20470,394,3.868970563404064,6804
5441,1199,3.868970563404064,5123
3824,1417,3.868970563404064,5940
6523,14,3.868970563404064,7279
15660,1454,3.868970563404064,4454
5441,1199,3.868970563404064,3169
436,163,3.868970563404064,4375
55900,1199,3.868970563404064,4609
21822,1199,3.868970563404064,475
24905,1199,3.868970563404064,5866
23474,1199,3.868970563404064,6702
34146,1199,3.868970563404064,5231
19960,1199,3.868970563404064,6376
55900,1199,3.868970563404064,4732
3365,395,3.868970563404064,7146
20893,9020,3.868970563404064,4484
15202,1497,3.868970563404064,8055
33644,14879,3.868970563404064,6304
7463,1199,3.868970563404064,4473
4014,1315,3.868970563404064,6015
7463,1199,3.868970563404064,6465
24905,1199,3.868970563404064,1060
16073,1199,3.868970563404064,7718
727,263,3.868970563404064,7058
5411,394,3.868970563404064,571
47658,1199,3.868970563404064,3228
4904,1417,3.868970563404064,7449
56980,21841,3.868970563404064,3373
22958,9816,3.868970563404064,6808
33644,14879,3.868970563404064,3544
41778,10541,3.868970563404064,3996
33644,14879,3.868970563404064,4087
7348,1199,3.868970563404064,1901
54731,263,3.868970563404064,3939
3606,1315,3.868970563404064,3528
7348,1199,3.868970563404064,3392
47658,1199,3.868970563404064,5279
4904,1417,3.868970563404064,8132
48466,3282,3.868970563404064,3290
29204,395,3.868970563404064,5028
5411,394,3.868970563404064,4690
43893,7402,3.868970563404064,708
11757,1199,3.868970563404064,999
35036,1199,3.868970563404064,6112
7348,1199,3.868970563404064,440
53010,7402,3.868970563404064,2394
507,14,3.868970563404064,5024
24905,1199,3.868970563404064,5512
11757,1199,3.868970563404064,2831
24905,1199,3.868970563404064,7261
7463,1199,3.868970563404064,7111
59015,22167,3.868970563404064,2518
36670,394,3.868970563404064,7914
7348,1199,3.868970563404064,3191
1121,395,3.868970563404064,7186
7463,1199,3.868970563404064,2362
727,263,3.868970563404064,4080
727,263,3.868970563404064,8230
5441,1199,3.868970563404064,3068
69461,14879,3.868970563404064,1191
7463,1199,3.868970563404064,2047
7348,1199,3.868970563404064,1034
18313,4103,3.868970563404064,7775
1122,395,3.868970563404064,7142
60511,1199,3.868970563404064,4384
727,263,3.868970563404064,3234
7463,1199,3.868970563404064,4743
8424,14,3.868970563404064,6660
16074,1199,3.868970563404064,4553
11757,1199,3.868970563404064,7783
20539,394,3.868970563404064,3397
429,1,3.868970563404064,6260
3824,1417,3.868970563404064,2169
511,14,3.868970563404064,8205
20470,394,3.868970563404064,4617
19960,1199,3.868970563404064,2604
64262,2055,3.868970563404064,1674
429,1,3.868970563404064,1858
28949,13397,3.868970563404064,5397
19960,1199,3.868970563404064,3334
7463,1199,3.868970563404064,7390
35036,1199,3.868970563404064,2523
3824,1417,3.868970563404064,2741
19960,1199,3.868970563404064,3198
12073,5313,3.868970563404064,7648
35036,1199,3.868970563404064,3231
963,365,3.868970563404064,6379
47658,1199,3.868970563404064,2437
10656,5049,3.868970563404064,7462
21704,263,3.868970563404064,3354
33644,14879,3.868970563404064,1116
44596,395,3.868970563404064,5751
11757,1199,3.868970563404064,5715
20478,1199,3.868970563404064,3607
54731,263,3.868970563404064,2514
19960,1199,3.868970563404064,4052
32780,12224,3.868970563404064,5527
36270,10541,3.868970563404064,5493
11757,1199,3.868970563404064,3599
13282,2446,3.868970563404064,3240
429,1,3.868970563404064,8075
7810,1068,3.868970563404064,8048
1542,576,3.868970563404064,4751
11493,5313,3.868970563404064,1717
7463,1199,3.868970563404064,7615
20470,394,3.868970563404064,7020
5441,1199,3.868970563404064,3634
3606,1315,3.868970563404064,609
1504,568,3.868970563404064,8049
1324,263,3.868970563404064,1834
11757,1199,3.868970563404064,3013
1324,263,3.868970563404064,6586
11757,1199,3.868970563404064,1346
39606,2724,3.868970563404064,6602
36670,394,3.868970563404064,5620
52287,16863,3.868970563404064,5823
1418,163,3.868970563404064,5878
5481,2100,3.868970563404064,4297
16074,1199,3.868970563404064,3451
72317,1199,3.868970563404064,895
14454,395,3.868970563404064,7706
19960,1199,3.868970563404064,7110
11757,1199,3.868970563404064,2421
20893,9020,3.868970563404064,2986
515,14,3.868970563404064,592
20478,1199,3.868970563404064,3401
11757,1199,3.868970563404064,6596
17538,1199,3.868970563404064,954
21822,1199,3.868970563404064,902
34146,1199,3.868970563404064,5405
1324,263,3.868970563404064,4763
1324,263,3.868970563404064,6487
176,60,3.868970563404064,4143
11757,1199,3.868970563404064,6135
429,1,3.868970563404064,7550
727,263,3.868970563404064,5552
47658,1199,3.868970563404064,3553
20478,1199,3.868970563404064,1131
35036,1199,3.868970563404064,1136
429,1,3.868970563404064,2553
19960,1199,3.868970563404064,7607
33624,14879,3.868970563404064,4581
35036,1199,3.868970563404064,4122
178,60,3.868970563404064,7567
48556,21516,3.868970563404064,5034
48148,7402,3.868970563404064,542
17538,1199,3.868970563404064,5585
59966,1199,3.868970563404064,1285
10784,1075,3.868970563404064,6538
32844,1315,3.868970563404064,15
20539,394,3.868970563404064,7947
20478,1199,3.868970563404064,2622
74146,2446,3.868970563404064,7039
515,14,3.868970563404064,379
13009,936,3.868970563404064,6981
3824,1417,3.868970563404064,6389
57668,21841,3.868970563404064,4175
24905,1199,3.868970563404064,6320
36670,394,3.868970563404064,5941
11757,1199,3.868970563404064,8020
25917,12224,3.868970563404064,7875
47695,14879,3.868970563404064,5082
961,365,3.868970563404064,8267
3939,1417,3.868970563404064,8221
11757,1199,3.868970563404064,3658
7675,3268,3.868970563404064,5944
11757,1199,3.868970563404064,1989
48555,21516,3.868970563404064,1367
727,263,3.868970563404064,4523
20539,394,3.868970563404064,4491
11963,3403,3.868970563404064,6662
429,1,3.868970563404064,7126
43893,7402,3.868970563404064,1580
5441,1199,3.868970563404064,7129
10784,1075,3.868970563404064,2784
1550,394,3.868970563404064,7358
4073,1199,3.868970563404064,7519
20539,394,3.868970563404064,1413
47695,14879,3.868970563404064,3828
47694,14879,3.868970563404064,2286
7463,1199,3.868970563404064,1581
1123,395,3.868970563404064,7386
21822,1199,3.868970563404064,4548
34146,1199,3.868970563404064,3455
11757,1199,3.868970563404064,1386
20470,394,3.868970563404064,7499
2740,860,3.868970563404064,8029
19960,1199,3.868970563404064,887
54059,394,3.868970563404064,8123
24905,1199,3.868970563404064,4399
48911,1199,3.868970563404064,2119
5441,1199,3.868970563404064,7350
35036,1199,3.868970563404064,917
25852,1199,3.868970563404064,5583
5441,1199,3.868970563404064,7695
34146,1199,3.868970563404064,5718
35036,1199,3.868970563404064,2956
7675,3268,3.868970563404064,5986
20478,1199,3.868970563404064,7077
24905,1199,3.868970563404064,4583
1622,394,3.868970563404064,7541
33927,14879,3.868970563404064,6822
1324,263,3.868970563404064,7811
19960,1199,3.868970563404064,8073
19960,1199,3.868970563404064,5912
19960,1199,3.868970563404064,3543
45132,14756,3.868970563404064,6269
37403,1199,3.868970563404064,4094
6523,14,3.868970563404064,1199
16074,1199,3.868970563404064,3925
13282,2446,3.868970563404064,8014
19960,1199,3.868970563404064,3803
11757,1199,3.868970563404064,6493
176,60,3.868970563404064,4795
25382,394,3.868970563404064,5993
11757,1199,3.868970563404064,1586
11757,1199,3.868970563404064,1344
65682,3268,3.868970563404064,2433
24905,1199,3.868970563404064,4389
7348,1199,3.868970563404064,4920
59548,14879,3.868970563404064,4023
21822,1199,3.868970563404064,4467
5441,1199,3.868970563404064,2984
19960,1199,3.868970563404064,2532
53679,20658,3.868970563404064,7938
19960,1199,3.868970563404064,1684
11757,1199,3.868970563404064,6898
12982,2098,3.868970563404064,6171
429,1,3.868970563404064,7048
33644,14879,3.868970563404064,4810
45482,16386,3.868970563404064,1973
20478,1199,3.868970563404064,1114
24905,1199,3.868970563404064,5538
48911,1199,3.868970563404064,2725
19960,1199,3.868970563404064,2959
24905,1199,3.868970563404064,7497
29145,263,3.868970563404064,4269
16074,1199,3.868970563404064,4313
34146,1199,3.868970563404064,4131
56071,1075,3.868970563404064,7650
16074,1199,3.868970563404064,5027
24905,1199,3.868970563404064,3839
727,263,3.868970563404064,5877
16074,1199,3.868970563404064,229
10265,3351,3.868970563404064,5861
3939,1417,3.868970563404064,8069
34146,1199,3.868970563404064,2346
1324,263,3.868970563404064,4323
7675,3268,3.868970563404064,7992
20470,394,3.868970563404064,7538
17538,1199,3.868970563404064,8026
20470,394,3.868970563404064,2541
17538,1199,3.868970563404064,7420
4786,1315,3.868970563404064,6400
21822,1199,3.868970563404064,7224
5441,1199,3.868970563404064,459
5441,1199,3.868970563404064,8027
3326,1068,3.868970563404064,7949
23013,10774,3.868970563404064,5904
58053,395,3.868970563404064,4401
21822,1199,3.868970563404064,443
34146,1199,3.868970563404064,5698
73498,7402,3.868970563404064,3754
19960,1199,3.868970563404064,2777
11757,1199,3.868970563404064,3438
11757,1199,3.868970563404064,878
47695,14879,3.868970563404064,4019
11757,1199,3.868970563404064,5703
56259,22167,3.868970563404064,2358
17538,1199,3.868970563404064,3762
53679,20658,3.868970563404064,4209
11757,1199,3.868970563404064,5343
16074,1199,3.868970563404064,456
16638,3268,3.868970563404064,2398
19960,1199,3.868970563404064,7832
51721,2554,3.868970563404064,1440
1525,568,3.868970563404064,7656
16074,1199,3.868970563404064,4291
1324,263,3.868970563404064,8239
47646,1497,3.868970563404064,5836
3326,1068,3.868970563404064,7568
54731,263,3.868970563404064,3885
11757,1199,3.868970563404064,1345
35036,1199,3.868970563404064,1937
47695,14879,3.868970563404064,3891
51483,9020,3.868970563404064,3699
21822,1199,3.868970563404064,4320
11757,1199,3.868970563404064,2972
19960,1199,3.868970563404064,6406
11757,1199,3.868970563404064,1516
429,1,3.868970563404064,7300
20478,1199,3.868970563404064,924
58053,395,3.868970563404064,3153
11757,1199,3.868970563404064,6913
19960,1199,3.868970563404064,1352
7463,1199,3.868970563404064,5356
47658,1199,3.868970563404064,1493
1622,394,3.868970563404064,6903
53495,365,3.868970563404064,5055
1504,568,3.868970563404064,7852
2725,850,3.868970563404064,8044
51483,9020,3.868970563404064,2163
19960,1199,3.868970563404064,2189
962,365,3.868970563404064,8275
727,263,3.868970563404064,2311
7348,1199,3.868970563404064,5802
54908,12224,3.868970563404064,3199
20478,1199,3.868970563404064,2612
61176,16386,3.868970563404064,3123
3824,1417,3.868970563404064,6394
19960,1199,3.868970563404064,5834
178,60,3.868970563404064,6165
1121,395,3.868970563404064,6432
7348,1199,3.868970563404064,5316
47658,1199,3.868970563404064,1754
11757,1199,3.868970563404064,2018
29145,263,3.868970563404064,4119
11097,5095,3.868970563404064,4922
16074,1199,3.868970563404064,3927
7348,1199,3.868970563404064,2255
727,263,3.868970563404064,7840
1122,395,3.868970563404064,5242
33227,365,3.868970563404064,6817
1122,395,3.868970563404064,5676
62765,1199,3.868970563404064,1803
19960,1199,3.868970563404064,2850
11757,1199,3.868970563404064,1893
19960,1199,3.868970563404064,5477
7463,1199,3.868970563404064,4669
26771,365,3.868970563404064,7785
6824,1454,3.868970563404064,8293
25852,1199,3.868970563404064,2262
34146,1199,3.868970563404064,4305
7463,1199,3.868970563404064,479
71475,13905,3.868970563404064,1365
429,1,3.868970563404064,5815
60511,1199,3.868970563404064,1747
59548,14879,3.868970563404064,5640
966,365,3.868970563404064,4640
62529,14,3.868970563404064,5864
19960,1199,3.868970563404064,5098
34343,7402,3.868970563404064,5763
1324,263,3.868970563404064,7175
45922,395,3.868970563404064,5592
7675,3268,3.868970563404064,6105
429,1,3.868970563404064,5563
20470,394,3.868970563404064,1856
36670,394,3.868970563404064,2767
3824,1417,3.868970563404064,7078
35036,1199,3.868970563404064,799
11757,1199,3.868970563404064,5528
21822,1199,3.868970563404064,2558
28952,13397,3.868970563404064,6007
28950,13397,3.868970563404064,2167
25884,12224,3.868970563404064,2656
5441,1199,3.868970563404064,3099
20478,1199,3.868970563404064,3541
20470,394,3.868970563404064,6772
33662,14879,3.868970563404064,6382
43893,7402,3.868970563404064,4684
45923,395,3.868970563404064,7705
727,263,3.868970563404064,4029
60511,1199,3.868970563404064,2310
11757,1199,3.868970563404064,4004
21822,1199,3.868970563404064,445
7463,1199,3.868970563404064,2428
14592,2446,3.868970563404064,4716
16638,3268,3.868970563404064,7945
11757,1199,3.868970563404064,6246
59966,1199,3.868970563404064,961
11757,1199,3.868970563404064,4783
19960,1199,3.868970563404064,2123
19960,1199,3.868970563404064,2375
1504,568,3.868970563404064,7874
37518,14879,3.868970563404064,3882
11757,1199,3.868970563404064,2090
3824,1417,3.868970563404064,6282
40815,12224,3.868970563404064,7932
58053,395,3.868970563404064,266
29145,263,3.868970563404064,3158
20478,1199,3.868970563404064,8004
34146,1199,3.868970563404064,4869
29145,263,3.868970563404064,7254
34146,1199,3.868970563404064,3743
47658,1199,3.868970563404064,153
4073,1199,3.868970563404064,5656
2324,394,3.868970563404064,8181
25852,1199,3.868970563404064,5546
25852,1199,3.868970563404064,3586
11757,1199,3.868970563404064,2936
34146,1199,3.868970563404064,2577
5008,1417,3.868970563404064,4345
17538,1199,3.868970563404064,3633
19960,1199,3.868970563404064,2389
24059,3268,3.868970563404064,868
1550,394,3.868970563404064,7338
29687,395,3.868970563404064,5437
3939,1417,3.868970563404064,7908
17538,1199,3.868970563404064,6722
959,365,3.868970563404064,8124
14454,395,3.868970563404064,3964
56071,1075,3.868970563404064,4050
1414,163,3.868970563404064,7232
65528,24445,3.868970563404064,1354
47658,1199,3.868970563404064,5880
11757,1199,3.868970563404064,1869
1018,263,3.868970563404064,3436
33644,14879,3.868970563404064,7165
20478,1199,3.868970563404064,6349
34146,1199,3.868970563404064,2662
33644,14879,3.868970563404064,6228
23474,1199,3.868970563404064,7379
8274,765,3.868970563404064,7951
34146,1199,3.868970563404064,4902
47658,1199,3.868970563404064,1436
16074,1199,3.868970563404064,7909
13276,7088,3.868970563404064,8172
7348,1199,3.868970563404064,797
1324,263,3.868970563404064,2290
55900,1199,3.868970563404064,4115
11757,1199,3.868970563404064,1099
2106,394,3.868970563404064,8229
429,1,3.868970563404064,2482
11757,1199,3.868970563404064,4713
47695,14879,3.868970563404064,5330
35036,1199,3.868970563404064,5639
429,1,3.868970563404064,8068
37518,14879,3.868970563404064,1635
436,163,3.868970563404064,8095
12155,6277,3.868970563404064,7535
72827,14879,3.868970563404064,3286
34982,10541,3.868970563404064,5644
5441,1199,3.868970563404064,3625
5441,1199,3.868970563404064,108
11757,1199,3.868970563404064,119
34146,1199,3.868970563404064,3536
5441,1199,3.868970563404064,2515
14395,2906,3.868970563404064,8218
11757,1199,3.868970563404064,4377
35036,1199,3.868970563404064,4161
20478,1199,3.868970563404064,938
8422,3282,3.868970563404064,8145
7463,1199,3.868970563404064,2934
29204,395,3.868970563404064,7451
19960,1199,3.868970563404064,2540
59548,14879,3.868970563404064,4077
32222,765,3.868970563404064,7282
429,1,3.868970563404064,2591
436,163,3.868970563404064,7023
60511,1199,3.868970563404064,3619
16115,1199,3.868970563404064,7667
29145,263,3.868970563404064,7940
41315,765,3.868970563404064,6846
19960,1199,3.868970563404064,7333
1599,60,3.868970563404064,6527
8274,765,3.868970563404064,7017
7463,1199,3.868970563404064,731
1550,394,3.868970563404064,8180
66024,12907,3.868970563404064,7654
57959,14,3.868970563404064,5469
19960,1199,3.868970563404064,6337
5441,1199,3.868970563404064,6818
24059,3268,3.868970563404064,213
11757,1199,3.868970563404064,3999
10784,1075,3.868970563404064,5417
25414,1075,3.868970563404064,8129
47658,1199,3.868970563404064,4342
11757,1199,3.868970563404064,5765
3365,395,3.868970563404064,5462
10785,1075,3.868970563404064,3342
7675,3268,3.868970563404064,3728
