itemID;styleID;Rating;userID
39289;14756;;715
3939;1417;;4944
47695;14879;;4890
7348;1199;;5324
37403;1199;;5544
47658;1199;;2244
77006;22288;;3462
1622;394;;453
19960;1199;;4101
20478;1199;;7347
74870;27079;;1960
11757;1199;;7639
727;263;;2149
34146;1199;;2916
4904;1417;;7735
5441;1199;;7794
48911;1199;;2629
1622;394;;1115
47570;14;;8077
5441;1199;;2863
54731;263;;5012
11757;1199;;6402
3824;1417;;4961
24905;1199;;4780
15660;1454;;8127
15244;2098;;3132
37518;14879;;5215
34146;1199;;5571
56071;1075;;3330
11757;1199;;3457
47694;14879;;6187
1622;394;;6264
65528;24445;;6638
7348;1199;;1375
1549;394;;8140
35036;1199;;7865
11757;1199;;5966
33624;14879;;3975
960;365;;3778
5411;394;;4516
3606;1315;;2719
5411;394;;7348
47695;14879;;5079
34146;1199;;618
178;60;;6528
25382;394;;7618
3939;1417;;4267
3824;1417;;5843
35036;1199;;935
3824;1417;;8019
64848;24447;;2790
17538;1199;;1542
29145;263;;3300
35036;1199;;6172
7348;1199;;2506
17538;1199;;1416
47695;14879;;349
1550;394;;7416
17538;1199;;1898
54908;12224;;758
54731;263;;1207
76995;24445;;968
19960;1199;;7160
30372;13831;;6396
20478;1199;;1610
68239;14484;;2605
48911;1199;;4762
32371;2446;;4440
11757;1199;;3686
34146;1199;;5688
66603;21516;;1972
48148;7402;;116
35036;1199;;3923
23474;1199;;6940
47658;1199;;434
1550;394;;1268
10784;1075;;3563
48466;3282;;2949
10784;1075;;156
4073;1199;;6093
21822;1199;;299
29687;395;;7388
454;14;;308
60511;1199;;3795
7463;1199;;771
37518;14879;;867
19960;1199;;5495
515;14;;7793
19960;1199;;2677
1598;60;;5625
34146;1199;;5374
48525;365;;2611
19960;1199;;2237
45923;395;;5486
20470;394;;8053
25382;394;;6629
178;60;;8047
16074;1199;;407
11757;1199;;5653
429;1;;2907
50815;10541;;4970
68372;1254;;1905
5441;1199;;8177
58027;365;;5454
962;365;;7469
16074;1199;;2100
1504;568;;7809
20539;394;;5783
12982;2098;;8280
11757;1199;;1884
16074;1199;;185
1018;263;;5975
48911;1199;;1807
45991;365;;3447
6825;1454;;4285
19960;1199;;3274
18533;765;;7646
727;263;;6205
10784;1075;;126
8203;807;;7573
21822;1199;;6034
28350;3268;;4273
25852;1199;;614
34982;10541;;2045
11757;1199;;1467
4904;1417;;8034
10784;1075;;5500
5441;1199;;6885
16074;1199;;2129
11757;1199;;505
35036;1199;;1041
1018;263;;287
44579;14756;;4787
13350;3268;;6658
1622;394;;6042
41315;765;;7060
19960;1199;;4169
21822;1199;;4304
25468;568;;7188
5411;394;;5337
35036;1199;;6255
21822;1199;;1234
11757;1199;;1689
36670;394;;5481
16074;1199;;2706
11757;1199;;840
16074;1199;;5845
55900;1199;;4882
66290;14;;6323
7675;3268;;6314
28350;3268;;7361
35036;1199;;6971
960;365;;5727
21436;14;;4501
5761;807;;4896
7463;1199;;3080
34146;1199;;1130
5441;1199;;3797
454;14;;6766
47658;1199;;632
21822;1199;;8214
24905;1199;;1260
48911;1199;;3534
17538;1199;;2180
48556;21516;;3630
3824;1417;;6863
1122;395;;7802
11757;1199;;4255
2599;14;;855
63220;23020;;4772
1324;263;;8195
7463;1199;;4677
69461;14879;;488
66818;23246;;2079
64330;9370;;6674
4073;1199;;3216
21822;1199;;5390
16074;1199;;5614
3824;1417;;1509
60511;1199;;7114
11757;1199;;3515
17538;1199;;3785
29145;263;;6776
21822;1199;;5164
16115;1199;;7171
20539;394;;6420
1324;263;;7107
52211;14879;;2705
5441;1199;;306
5537;1315;;3561
64029;5500;;994
24905;1199;;5064
54827;1199;;1902
5441;1199;;6509
7463;1199;;1721
36505;15737;;6574
5441;1199;;1289
436;163;;7196
46683;16994;;5649
33624;14879;;3000
17538;1199;;2029
58272;1199;;3798
35036;1199;;4513
29687;395;;7524
54731;263;;2496
5441;1199;;4222
33644;14879;;7001
33227;365;;2315
11757;1199;;6067
33644;14879;;7291
21822;1199;;5289
50448;16386;;4459
34146;1199;;3052
16074;1199;;3190
429;1;;1770
24059;3268;;4738
35036;1199;;4540
7463;1199;;7002
47541;9020;;5426
11263;14;;8197
11757;1199;;51
35649;3268;;5580
52211;14879;;4128
5441;1199;;3680
7463;1199;;7671
19960;1199;;3259
11757;1199;;389
19960;1199;;2296
69894;1199;;1359
1550;394;;6497
54731;263;;789
38226;850;;6579
7348;1199;;5133
54827;1199;;3482
51483;9020;;1168
19960;1199;;5103
44596;395;;4868
75907;23246;;761
38468;16269;;1736
16074;1199;;4234
16074;1199;;1104
17538;1199;;7180
429;1;;5654
24905;1199;;5416
7348;1199;;1711
7167;1315;;7322
38552;765;;823
20470;394;;6994
20478;1199;;858
17538;1199;;325
54731;263;;2954
17538;1199;;3420
19960;1199;;5509
23329;3407;;7858
18313;4103;;5847
429;1;;4471
16638;3268;;1187
5441;1199;;4929
13350;3268;;2193
17538;1199;;3831
54134;14879;;3144
727;263;;4072
33644;14879;;3287
5537;1315;;8042
47658;1199;;1637
35036;1199;;2634
24905;1199;;5102
17538;1199;;7511
60511;1199;;4514
34146;1199;;5340
47658;1199;;165
19960;1199;;5485
16074;1199;;623
4073;1199;;3414
7167;1315;;428
7675;3268;;4709
48556;21516;;244
33644;14879;;4075
960;365;;1954
47695;14879;;1582
29687;395;;6437
47658;1199;;3550
34146;1199;;4364
47695;14879;;1462
77213;453;;1356
48556;21516;;5335
11757;1199;;2096
19960;1199;;7699
48911;1199;;5365
20539;394;;1788
34982;10541;;2638
36670;394;;8023
4904;1417;;7435
10784;1075;;1782
8717;850;;8258
966;365;;5761
1621;394;;7750
16074;1199;;1288
20470;394;;7673
966;365;;2670
47658;1199;;1710
38468;16269;;5001
11757;1199;;7769
16638;3268;;7115
25884;12224;;5678
57110;14879;;2517
4073;1199;;1876
3606;1315;;5566
54396;5752;;6065
47695;14879;;819
56071;1075;;2802
34146;1199;;2733
58053;395;;1243
4073;1199;;2888
19960;1199;;5794
19960;1199;;6688
17538;1199;;4272
37518;14879;;1186
27982;936;;6409
2106;394;;12
1589;395;;7702
16638;3268;;3302
33624;14879;;6180
19960;1199;;6415
35036;1199;;4349
25852;1199;;1571
3939;1417;;6553
35036;1199;;4536
20539;394;;6199
3824;1417;;2061
35036;1199;;792
74145;26946;;802
19960;1199;;3893
37518;14879;;1203
4073;1199;;7653
55900;1199;;240
20470;394;;8012
22450;3268;;7199
11757;1199;;1670
35036;1199;;5192
19960;1199;;1633
59966;1199;;2946
72827;14879;;2778
1324;263;;5785
24905;1199;;5695
17538;1199;;5049
54731;263;;1408
54827;1199;;2547
21822;1199;;1396
1324;263;;1329
71802;24445;;1967
35036;1199;;55
47658;1199;;835
55900;1199;;2501
54827;1199;;3011
47695;14879;;2348
3619;394;;8287
7463;1199;;1064
4904;1417;;7841
20539;394;;6318
48911;1199;;1254
49865;1;;5660
7675;3268;;7478
20470;394;;5124
51483;9020;;2997
17538;1199;;7843
35036;1199;;1712
29145;263;;7530
41778;10541;;3035
19960;1199;;7588
25414;1075;;1373
33624;14879;;3579
5441;1199;;4070
64850;24447;;6790
61053;14756;;1435
21822;1199;;5760
7348;1199;;1840
47658;1199;;782
5441;1199;;2381
11757;1199;;3677
11757;1199;;5033
7463;1199;;1219
11757;1199;;971
47695;14879;;1988
3824;1417;;1044
11757;1199;;7044
5411;394;;497
59015;22167;;759
19960;1199;;2431
47658;1199;;602
74360;24445;;3799
25852;1199;;360
54134;14879;;3016
7463;1199;;5169
34146;1199;;5278
35036;1199;;6237
16074;1199;;3957
16074;1199;;2804
25852;1199;;1924
19960;1199;;508
5411;394;;2451
5441;1199;;7062
74488;765;;1061
56071;1075;;5291
19960;1199;;4828
53263;3965;;6322
54731;263;;1468
40153;14879;;1068
33624;14879;;1094
21822;1199;;2829
4073;1199;;2567
16073;1199;;7231
20478;1199;;1868
40153;14879;;4720
3824;1417;;6575
65447;21841;;1015
25656;9020;;7548
16074;1199;;5450
20470;394;;661
52211;14879;;1280
3939;1417;;8194
55900;1199;;5332
20478;1199;;2140
35036;1199;;4745
436;163;;7106
54731;263;;3744
20478;1199;;1819
960;365;;5560
17010;577;;7317
11709;577;;3687
20478;1199;;1240
7463;1199;;4642
35036;1199;;940
7348;1199;;276
57110;14879;;1727
959;365;;5575
55900;1199;;4179
5487;2098;;8290
25852;1199;;6735
962;365;;8253
10784;1075;;7217
19047;7091;;8037
36269;10541;;4497
55900;1199;;6983
13350;3268;;7258
53468;1199;;4754
47659;1199;;4796
7348;1199;;4013
25251;12003;;3859
65447;21841;;1728
36380;765;;6275
1504;568;;7285
11757;1199;;4682
9117;1303;;3449
48466;3282;;2562
19960;1199;;947
429;1;;6466
2106;394;;2364
24905;1199;;3411
436;163;;7899
19960;1199;;5026
49485;1463;;8
1622;394;;1109
74627;13892;;34
4073;1199;;5850
20539;394;;3907
7675;3268;;6375
41778;10541;;2909
7463;1199;;2834
5441;1199;;4827
19960;1199;;5007
25468;568;;7101
48911;1199;;4042
37518;14879;;5996
8102;1917;;6077
29687;395;;4860
20478;1199;;6423
55900;1199;;3439
962;365;;7117
51483;9020;;806
52211;14879;;281
17538;1199;;6920
68391;24445;;2083
7348;1199;;2170
10784;1075;;2786
7348;1199;;651
54059;394;;5871
1554;568;;1397
16115;1199;;8107
47658;1199;;5148
7167;1315;;839
17538;1199;;390
74159;394;;769
53159;765;;4765
19960;1199;;1262
48556;21516;;2207
5441;1199;;687
35036;1199;;81
47658;1199;;3860
1791;60;;7289
20470;394;;7087
21822;1199;;5492
34146;1199;;5857
43893;7402;;3863
7463;1199;;1899
24905;1199;;1313
2324;394;;4838
7324;395;;2098
3606;1315;;7930
35036;1199;;1077
22591;9370;;7335
20478;1199;;4815
25852;1199;;2703
24905;1199;;7554
25852;1199;;4803
5441;1199;;2263
7675;3268;;7207
4073;1199;;600
35036;1199;;1156
1504;568;;5897
7348;1199;;4088
5441;1199;;1258
47658;1199;;2453
47658;1199;;3047
11757;1199;;317
60511;1199;;4750
8203;807;;810
966;365;;1752
50267;16323;;5132
19960;1199;;7679
41881;13905;;3492
24905;1199;;7151
11757;1199;;3776
8555;1315;;2941
21822;1199;;4347
33644;14879;;4919
45482;16386;;4093
19960;1199;;1151
54134;14879;;1227
11757;1199;;1817
58053;395;;2073
33644;14879;;6048
20470;394;;8018
13350;3268;;7791
1324;263;;6690
61427;1075;;1532
48911;1199;;2643
5441;1199;;5207
19960;1199;;1692
11757;1199;;4918
19960;1199;;7121
11757;1199;;738
54827;1199;;3787
60990;1075;;3614
966;365;;2854
75141;5319;;852
19960;1199;;2701
72827;14879;;972
20539;394;;1844
20470;394;;6793
6523;14;;1987
36380;765;;3195
34146;1199;;2822
16074;1199;;6088
47658;1199;;2728
56071;1075;;5056
75087;394;;3252
25852;1199;;734
1121;395;;3021
2106;394;;3378
74723;13905;;2530
17538;1199;;1703
47658;1199;;838
21822;1199;;7818
33644;14879;;5035
76985;9816;;353
24905;1199;;1486
58027;365;;3951
56115;14879;;6768
48556;21516;;2645
2106;394;;7124
16074;1199;;3505
34146;1199;;1405
5441;1199;;5799
69234;25484;;1494
41843;14338;;5947
1622;394;;4059
23013;10774;;7888
5441;1199;;2857
1504;568;;7127
16074;1199;;5542
11757;1199;;1425
11757;1199;;4708
19960;1199;;1083
54731;263;;847
727;263;;7878
7348;1199;;4007
5441;1199;;4599
17538;1199;;3346
20478;1199;;4555
11757;1199;;4975
19960;1199;;4327
17538;1199;;3038
16074;1199;;1181
28350;3268;;3937
10265;3351;;5985
2599;14;;1929
6551;1254;;7980
47658;1199;;826
59966;1199;;3796
48555;21516;;2385
16115;1199;;7973
35036;1199;;1051
36167;395;;6758
35036;1199;;921
33644;14879;;2430
11757;1199;;2159
35036;1199;;370
727;263;;3181
7348;1199;;4405
49076;1199;;5070
60511;1199;;2425
35036;1199;;4572
48911;1199;;2173
35378;395;;1249
7675;3268;;2378
7348;1199;;432
57110;14879;;1469
12186;1199;;8066
33644;14879;;2192
16122;2430;;2068
7348;1199;;4339
47695;14879;;5154
35378;395;;3269
7463;1199;;5422
59966;1199;;2463
34590;365;;3273
54134;14879;;429
47658;1199;;1820
5441;1199;;4870
20539;394;;6395
1324;263;;6297
47658;1199;;4243
34146;1199;;5445
33644;14879;;3521
11757;1199;;4422
36167;395;;3908
19960;1199;;2864
1122;395;;6411
44351;765;;3994
60661;1199;;3583
59514;23020;;1926
10784;1075;;5520
54827;1199;;1489
35036;1199;;6259
5411;394;;2144
35036;1199;;952
13350;3268;;1617
57110;14879;;2625
24059;3268;;7485
48911;1199;;5178
3824;1417;;6115
1554;568;;7559
7348;1199;;3043
47658;1199;;1693
4073;1199;;5113
4073;1199;;7731
21822;1199;;2573
515;14;;5613
35036;1199;;6714
44351;765;;6797
59125;12224;;2439
32923;13831;;7214
56259;22167;;4324
75087;394;;1276
71917;1199;;1499
35036;1199;;3930
48911;1199;;998
1550;394;;5767
24905;1199;;3332
35036;1199;;183
7463;1199;;5554
47658;1199;;5449
33644;14879;;4794
7348;1199;;5465
54134;14879;;4478
47658;1199;;2006
35036;1199;;735
34146;1199;;2295
55900;1199;;5321
35036;1199;;6892
11757;1199;;5235
6523;14;;6414
24905;1199;;2720
34146;1199;;180
47658;1199;;3040
17538;1199;;2258
34146;1199;;3368
33644;14879;;7084
48911;1199;;5273
17538;1199;;1881
6523;14;;8233
727;263;;6530
25382;394;;4951
29687;395;;6360
21822;1199;;7610
5441;1199;;269
25103;365;;7803
11757;1199;;5255
1324;263;;5970
34362;394;;6979
72827;14879;;1591
962;365;;7966
47695;14879;;5457
64727;7402;;2915
66619;21516;;1866
1504;568;;3179
16074;1199;;1122
47658;1199;;707
4073;1199;;1178
7463;1199;;4006
34146;1199;;4356
4904;1417;;6
34146;1199;;4252
20470;394;;7013
16074;1199;;5071
18310;3403;;1675
75907;23246;;312
7463;1199;;292
47658;1199;;1324
11757;1199;;1342
1324;263;;120
429;1;;2239
47658;1199;;859
25382;394;;5234
47695;14879;;801
41778;10541;;6477
58914;1199;;385
23474;1199;;7504
62782;16859;;6110
60990;1075;;1883
7348;1199;;1573
55900;1199;;1864
75087;394;;3487
2572;807;;7870
1525;568;;7620
11757;1199;;534
5009;1417;;6212
11757;1199;;4971
1622;394;;8169
58920;1075;;3188
33644;14879;;3864
16074;1199;;7495
59125;12224;;5399
47658;1199;;241
52211;14879;;3399
54731;263;;919
20470;394;;8005
19960;1199;;1746
35036;1199;;1317
48911;1199;;6680
7348;1199;;1049
4073;1199;;593
34982;10541;;6005
961;365;;8089
25468;568;;7546
54827;1199;;3236
33644;14879;;2168
11328;1417;;4673
24905;1199;;6961
21822;1199;;2499
19960;1199;;2250
4014;1315;;4231
25656;9020;;2698
73571;24445;;1248
19309;2055;;7781
32508;860;;7857
7348;1199;;3450
47658;1199;;1741
34982;10541;;5488
16074;1199;;3481
25656;9020;;7689
62342;568;;7772
7463;1199;;925
18898;9347;;11
40028;395;;6063
7348;1199;;3224
1504;568;;8113
55900;1199;;4368
38468;16269;;2995
11757;1199;;1619
20478;1199;;1655
20417;395;;6380
48911;1199;;5687
10784;1075;;1179
56115;14879;;3148
19960;1199;;342
50131;5970;;5060
20478;1199;;965
1542;576;;7713
20539;394;;3547
25656;9020;;2749
4073;1199;;2319
7348;1199;;5288
25382;394;;3063
20478;1199;;4906
5441;1199;;5911
28350;3268;;5074
11757;1199;;3293
1324;263;;4891
1550;394;;3008
43364;1454;;6346
53779;14879;;449
29145;263;;7132
10784;1075;;788
429;1;;8193
5411;394;;3560
3824;1417;;6306
24905;1199;;3051
51483;9020;;1621
37952;2446;;4884
727;263;;4799
25852;1199;;2572
429;1;;332
7348;1199;;1338
19960;1199;;7089
3939;1417;;8298
20478;1199;;7103
23474;1199;;5407
24905;1199;;5010
37518;14879;;5884
962;365;;4704
47695;14879;;6317
35036;1199;;4039
65682;3268;;491
48551;18847;;5162
7463;1199;;1343
23474;1199;;5752
25250;12003;;1255
3824;1417;;5745
11757;1199;;5683
32222;765;;7260
69087;2724;;2036
35036;1199;;2434
20478;1199;;1217
17538;1199;;2150
20539;394;;3887
20470;394;;2929
17538;1199;;3685
16692;5500;;7459
47658;1199;;1050
1018;263;;3076
47658;1199;;2449
57110;14879;;418
4073;1199;;20
57110;14879;;426
54731;263;;5048
65682;3268;;3012
35036;1199;;3034
21822;1199;;7952
60584;1199;;4373
34146;1199;;6075
7348;1199;;1230
28350;3268;;3496
1121;395;;8070
23474;1199;;7854
55900;1199;;6950
21688;9020;;4331
57110;14879;;2917
7348;1199;;4334
727;263;;7521
54827;1199;;4173
1018;263;;5458
47658;1199;;3727
25656;9020;;3733
5441;1199;;3075
20478;1199;;6760
33644;14879;;5220
74921;22430;;634
5441;1199;;1751
20893;9020;;5125
3606;1315;;1585
7348;1199;;511
74488;765;;295
17538;1199;;2406
3939;1417;;4980
21822;1199;;4761
20417;395;;7472
20310;3403;;1850
19960;1199;;7406
1018;263;;4544
5481;2100;;3843
21688;9020;;2165
36670;394;;4675
59364;16041;;2545
51301;1199;;4873
47658;1199;;7
36376;13905;;2838
3606;1315;;7631
48911;1199;;4999
20478;1199;;5331
20478;1199;;1112
1550;394;;7911
35036;1199;;4153
66433;765;;3433
54827;1199;;3339
29687;395;;7139
70635;5752;;2325
34362;394;;6978
11757;1199;;1766
11757;1199;;7929
11757;1199;;4991
55900;1199;;4213
1324;263;;7985
11757;1199;;1805
35036;1199;;3507
51483;9020;;2942
4014;1315;;7494
47658;1199;;741
7348;1199;;8200
1154;394;;3445
7463;1199;;4741
47658;1199;;584
41843;14338;;3618
4073;1199;;5754
7463;1199;;7238
47240;17285;;5287
798;289;;893
17538;1199;;2108
1550;394;;8032
21822;1199;;127
7348;1199;;1406
17538;1199;;8017
23474;1199;;6791
19960;1199;;2738
60511;1199;;1488
7348;1199;;1871
59986;23082;;3596
55900;1199;;3701
19960;1199;;4217
429;1;;5753
4073;1199;;5759
60511;1199;;115
11757;1199;;462
34361;394;;7280
21822;1199;;1058
2106;394;;7632
57110;14879;;6876
4073;1199;;6905
37518;14879;;3972
1324;263;;7816
1122;395;;8088
16074;1199;;7057
4373;1386;;1627
3606;1315;;6049
727;263;;5091
25852;1199;;3062
20470;394;;1626
7348;1199;;6467
47695;14879;;1231
35036;1199;;5008
1504;568;;7222
5441;1199;;5320
35649;3268;;2659
21822;1199;;5607
47658;1199;;5350
20478;1199;;6733
5441;1199;;1377
48911;1199;;5372
16638;3268;;1073
48911;1199;;1484
10784;1075;;6523
60511;1199;;4950
48556;21516;;2174
7675;3268;;1618
40153;14879;;2542
727;263;;3517
54060;17293;;4526
47658;1199;;953
11757;1199;;1963
3939;1417;;6069
56887;3268;;1448
54731;263;;3650
35036;1199;;5104
45878;14;;1735
25852;1199;;1697
5441;1199;;3394
43091;16386;;4413
5411;394;;5029
34146;1199;;5045
44019;13905;;6116
454;14;;743
24905;1199;;6500
35036;1199;;1167
47658;1199;;5385
16074;1199;;5561
16074;1199;;2365
47658;1199;;169
25852;1199;;271
21822;1199;;4298
61176;16386;;3678
37518;14879;;5808
1791;60;;7437
16074;1199;;1165
47695;14879;;4257
17538;1199;;3720
11493;5313;;1214
3824;1417;;528
727;263;;1026
20478;1199;;424
1123;395;;7464
31912;14;;7157
45878;14;;1045
21822;1199;;6962
51245;13670;;6511
16074;1199;;4693
35649;3268;;3705
36670;394;;7922
43438;394;;4843
53779;14879;;4773
60511;1199;;4046
56259;22167;;1667
35036;1199;;881
29145;263;;7971
3606;1315;;2695
29687;395;;5039
48525;365;;1908
7675;3268;;8245
25852;1199;;3095
11757;1199;;939
20478;1199;;1813
34146;1199;;4395
7849;2310;;7792
22968;9816;;8213
35036;1199;;1380
3517;394;;8137
71342;26409;;5088
13261;7104;;7512
47658;1199;;1923
58914;1199;;275
47695;14879;;4949
47695;14879;;5448
3824;1417;;376
35036;1199;;6546
47694;14879;;1261
436;163;;3201
35036;1199;;3250
5441;1199;;8112
35036;1199;;5156
45878;14;;6724
65528;24445;;3726
34361;394;;7173
7463;1199;;4735
23474;1199;;4437
47658;1199;;1566
1791;60;;5478
35036;1199;;1513
34146;1199;;808
28350;3268;;6890
62529;14;;6211
1324;263;;2841
4073;1199;;1768
47658;1199;;1070
963;365;;903
21556;568;;3503
19960;1199;;7183
54731;263;;2500
7463;1199;;4821
3824;1417;;6710
33624;14879;;6469
48556;21516;;1615
5441;1199;;7915
11757;1199;;6504
1121;395;;7461
47695;14879;;3064
62342;568;;698
34146;1199;;5621
16115;1199;;7422
11757;1199;;6324
72827;14879;;1154
54731;263;;519
16074;1199;;3218
60511;1199;;3620
7463;1199;;7210
36670;394;;6087
47695;14879;;2494
45260;16386;;2414
7675;3268;;7027
7348;1199;;2818
48911;1199;;5603
11757;1199;;1823
34146;1199;;3246
60511;1199;;2718
19960;1199;;5531
25382;394;;3578
7849;2310;;4049
7348;1199;;2048
14454;395;;3335
33644;14879;;523
64087;13905;;2388
69461;14879;;3182
31705;13905;;7795
11757;1199;;3260
33644;14879;;933
29687;395;;4465
34982;10541;;6930
17538;1199;;3889
178;60;;3574
14454;395;;6178
10784;1075;;3709
5441;1199;;7684
7324;395;;2765
72827;14879;;1515
52445;18185;;5596
47658;1199;;737
35036;1199;;4150
47695;14879;;2330
21822;1199;;2584
25382;394;;1773
4372;1386;;3849
1324;263;;2306
1324;263;;6849
60511;1199;;1795
20891;568;;8008
58046;1075;;846
60511;1199;;4692
34590;365;;2078
13350;3268;;1690
48911;1199;;2260
17538;1199;;3953
5441;1199;;1029
21822;1199;;2962
512;14;;5319
48911;1199;;1335
54731;263;;3636
11757;1199;;6243
34146;1199;;3491
47658;1199;;1054
66603;21516;;455
40176;12224;;5072
1525;568;;2323
36380;765;;2452
47658;1199;;1588
53523;2055;;4931
48148;7402;;1303
1123;395;;7248
60511;1199;;1004
48911;1199;;2197
25414;1075;;7984
60511;1199;;1574
26012;807;;2071
51842;13228;;5009
40153;14879;;6838
5441;1199;;2742
25852;1199;;6289
35036;1199;;6924
35036;1199;;594
24905;1199;;1514
30571;1303;;307
1550;394;;8155
71802;24445;;2594
7348;1199;;2921
7167;1315;;22
45878;14;;477
29687;395;;5848
54731;263;;3007
25852;1199;;303
35036;1199;;716
56887;3268;;764
47695;14879;;4721
47658;1199;;4664
45878;14;;5595
17538;1199;;6236
56259;22167;;3683
48911;1199;;5391
45260;16386;;4223
21822;1199;;5394
24905;1199;;1718
20575;9020;;5586
15244;2098;;4089
7463;1199;;7547
60511;1199;;3592
24905;1199;;5931
7348;1199;;4740
47658;1199;;2075
20818;1075;;2093
48911;1199;;4907
7348;1199;;3693
35036;1199;;5972
11757;1199;;5076
74488;765;;1497
47695;14879;;711
59966;1199;;2035
3824;1417;;1561
47658;1199;;3456
48911;1199;;2474
35036;1199;;1341
7348;1199;;590
7463;1199;;3571
5441;1199;;2654
11757;1199;;2415
51917;14879;;4849
5441;1199;;2902
45991;365;;4956
47695;14879;;4194
28350;3268;;7813
64727;7402;;1302
727;263;;1790
25852;1199;;2231
24905;1199;;1896
4073;1199;;171
54134;14879;;1312
47695;14879;;1886
17538;1199;;3663
35036;1199;;5961
17538;1199;;1757
7348;1199;;5702
25382;394;;6267
41688;394;;6235
7348;1199;;5774
62868;1199;;3221
24905;1199;;4212
429;1;;8215
513;14;;7112
727;263;;2355
3003;395;;6801
429;1;;518
47695;14879;;2884
47658;1199;;2103
11757;1199;;937
20478;1199;;1657
17538;1199;;4361
35036;1199;;1848
47658;1199;;1568
33624;14879;;3434
36670;394;;7964
55900;1199;;5197
178;60;;6109
21688;9020;;1809
21800;14;;6272
57110;14879;;3712
33880;3403;;4301
34146;1199;;6145
21822;1199;;105
45482;16386;;2943
11757;1199;;5674
54134;14879;;543
58053;395;;2070
20478;1199;;1404
52211;14879;;1147
21822;1199;;7059
13350;3268;;7463
15244;2098;;1678
55900;1199;;4479
38552;765;;6669
22907;453;;5
727;263;;3018
3939;1417;;7070
5441;1199;;4912
17538;1199;;2928
20478;1199;;6623
20891;568;;5058
10788;1075;;2504
72827;14879;;2409
16074;1199;;2637
11757;1199;;746
33624;14879;;3761
7348;1199;;4498
4014;1315;;4419
10784;1075;;2329
8422;3282;;6895
47658;1199;;1458
56887;3268;;3758
429;1;;2178
6551;1254;;6086
24905;1199;;1080
727;263;;4576
44909;394;;8294
48301;18012;;532
962;365;;2795
24905;1199;;7617
7348;1199;;4634
9118;1303;;8090
49077;1199;;4901
58053;395;;2284
5441;1199;;3978
34146;1199;;2750
51483;9020;;492
16638;3268;;1332
7348;1199;;5420
11757;1199;;7683
7348;1199;;151
6968;1315;;8285
56071;1075;;5829
5441;1199;;1517
11757;1199;;7514
74488;765;;408
454;14;;194
47695;14879;;4378
7463;1199;;4040
16074;1199;;5213
5411;394;;8237
21822;1199;;3973
7348;1199;;2992
24059;3268;;3691
727;263;;2331
47658;1199;;1135
57110;14879;;3331
41778;10541;;3248
36367;13670;;7663
5441;1199;;3791
4073;1199;;3323
34146;1199;;719
63863;9020;;520
47658;1199;;884
21800;14;;1223
69461;14879;;2450
16074;1199;;5927
33644;14879;;1919
29145;263;;1300
8679;1199;;8087
43091;16386;;4834
45878;14;;880
29145;263;;1801
60511;1199;;4180
33662;14879;;2318
33644;14879;;6094
35036;1199;;1037
21822;1199;;262
54134;14879;;6677
16115;1199;;7678
33644;14879;;1634
53495;365;;3789
35036;1199;;974
24905;1199;;1761
47658;1199;;2977
34361;394;;5143
48911;1199;;5336
35036;1199;;1355
10784;1075;;1043
47695;14879;;4717
34146;1199;;3463
51404;20638;;3845
20470;394;;524
33644;14879;;482
19960;1199;;7642
47658;1199;;1225
35351;3965;;666
52211;14879;;2843
47658;1199;;5216
43091;16386;;5964
10788;1075;;7893
66423;18012;;1877
57172;22167;;3916
69461;14879;;589
21822;1199;;5534
7348;1199;;5155
11757;1199;;8130
21822;1199;;616
21822;1199;;2341
24905;1199;;5637
75087;394;;517
38982;14879;;5351
47658;1199;;3602
16073;1199;;7918
34416;5049;;1921
17538;1199;;4293
5547;971;;1449
52211;14879;;1793
11757;1199;;7598
7463;1199;;7709
47658;1199;;2717
35036;1199;;981
56259;22167;;1092
19960;1199;;4354
47658;1199;;1680
57110;14879;;3101
43312;394;;2600
25852;1199;;1583
1622;394;;1172
25656;9020;;2043
34146;1199;;2203
31427;453;;7374
1018;263;;3836
45260;16386;;4214
1542;576;;7819
37518;14879;;7299
5181;1487;;4483
24905;1199;;361
35036;1199;;787
14973;3403;;8216
35036;1199;;6756
20539;394;;6045
35036;1199;;4060
35036;1199;;4563
47658;1199;;1132
10784;1075;;674
4073;1199;;6996
24722;9347;;8040
10784;1075;;2535
66030;24486;;1538
24905;1199;;174
35378;395;;2592
12655;1303;;7411
5441;1199;;655
69202;1417;;1465
30484;1199;;7501
178;60;;6839
25852;1199;;1265
36380;765;;1724
47658;1199;;1445
11757;1199;;7799
35036;1199;;1412
38552;765;;7046
1018;263;;1600
48438;7402;;209
47658;1199;;5140
57110;14879;;5578
16074;1199;;4900
75087;394;;725
11757;1199;;2768
47695;14879;;3183
55900;1199;;5023
73369;2554;;760
34146;1199;;2247
74488;765;;853
4073;1199;;356
45878;14;;2115
11757;1199;;5196
25852;1199;;3616
25852;1199;;4522
2599;14;;161
47658;1199;;1733
11757;1199;;2084
44684;13905;;4468
35378;395;;4159
55900;1199;;1999
47658;1199;;202
16074;1199;;7745
798;289;;7754
36270;10541;;5346
47695;14879;;1682
11757;1199;;1188
55900;1199;;3594
55900;1199;;4584
72827;14879;;1256
1598;60;;7958
59015;22167;;557
20539;394;;649
34146;1199;;5602
7348;1199;;2503
48911;1199;;3694
10784;1075;;1560
57110;14879;;1431
1154;394;;7403
75087;394;;1916
21822;1199;;2135
68227;807;;2128
19960;1199;;3072
19960;1199;;1201
56887;3268;;3459
35036;1199;;6671
7673;3268;;744
3824;1417;;7234
2572;807;;6739
33880;3403;;341
34146;1199;;3987
48911;1199;;6559
33644;14879;;1134
55900;1199;;5744
44161;14;;5826
43091;16386;;1830
56115;14879;;989
16074;1199;;3390
57668;21841;;6859
20470;394;;1845
35650;3268;;27
20478;1199;;3976
60511;1199;;4841
64847;24447;;1524
5411;394;;5906
38552;765;;753
76453;17783;;3510
46386;365;;4281
6523;14;;2257
4073;1199;;3122
58540;765;;2813
45878;14;;691
24905;1199;;7109
7348;1199;;3835
21704;263;;2510
65682;3268;;6611
6034;2414;;7974
47695;14879;;3846
15474;1454;;6807
51483;9020;;1483
1550;394;;2762
75087;394;;843
55027;14338;;3495
21822;1199;;3587
1324;263;;4711
1018;263;;2354
74488;765;;1644
20539;394;;5664
58053;395;;932
58053;395;;227
16073;1199;;7344
54827;1199;;842
13350;3268;;3820
47695;14879;;4729
36270;10541;;133
7348;1199;;4792
56259;22167;;2583
59966;1199;;3591
54731;263;;3130
19123;1;;7553
7463;1199;;5240
75963;11203;;2639
32486;14;;6991
47695;14879;;4612
20470;394;;2806
7348;1199;;1487
4073;1199;;1841
17538;1199;;1428
1018;263;;7481
515;14;;7432
4904;1417;;3386
34146;1199;;1274
7348;1199;;4871
5441;1199;;4549
74488;765;;767
29145;263;;4140
56887;3268;;1328
47658;1199;;4592
58027;365;;2015
8203;807;;228
17538;1199;;6820
25852;1199;;419
505;14;;7067
51483;9020;;447
959;365;;2074
61800;16859;;2032
36670;394;;6136
25852;1199;;2556
29145;263;;7739
47695;14879;;4694
21822;1199;;5647
51404;20638;;3
19960;1199;;4037
56887;3268;;1159
67578;395;;3814
35036;1199;;4434
5441;1199;;586
24059;3268;;7362
3517;394;;8259
29145;263;;4994
35649;3268;;6453
22817;1463;;2
55900;1199;;572
8203;807;;5741
7348;1199;;5322
47658;1199;;5562
7348;1199;;5438
6523;14;;1603
29687;395;;2460
41557;6272;;7346
57110;14879;;4230
4014;1315;;3256
55900;1199;;7221
52159;1075;;315
33644;14879;;2338
20478;1199;;1650
7348;1199;;3093
21822;1199;;2194
62868;1199;;3141
35036;1199;;6364
10784;1075;;5973
13020;14;;7879
75745;14365;;1357
7348;1199;;387
48911;1199;;1505
66619;21516;;704
33624;14879;;4107
11493;5313;;3525
33624;14879;;6218
24905;1199;;7487
5916;1;;2881
60511;1199;;3405
5441;1199;;4635
35643;12224;;4076
966;365;;7484
7463;1199;;3277
36670;394;;1298
7675;3268;;4295
21688;9020;;5872
510;14;;3763
55900;1199;;2905
13350;3268;;4229
5441;1199;;1838
74488;765;;770
10784;1075;;574
47658;1199;;1835
56115;14879;;1818
4014;1315;;8160
5547;971;;2797
33644;14879;;712
16074;1199;;4312
55900;1199;;793
75087;394;;273
54908;12224;;1994
53679;20658;;3942
57110;14879;;3760
7348;1199;;5558
34146;1199;;5167
48911;1199;;4057
65339;395;;824
56115;14879;;411
436;163;;3771
53779;14879;;3585
17538;1199;;1879
11757;1199;;959
56887;3268;;4533
25852;1199;;3022
429;1;;2481
47695;14879;;1454
966;365;;4476
38683;13905;;5400
54731;263;;2316
11757;1199;;6111
1324;263;;7407
40765;16791;;4329
37518;14879;;6788
75940;25684;;425
54731;263;;7525
47695;14879;;1137
24905;1199;;7452
25852;1199;;1992
18310;3403;;4768
51483;9020;;1508
56259;22167;;910
24905;1199;;1794
16638;3268;;2027
20478;1199;;3219
54827;1199;;4134
69461;14879;;1569
11757;1199;;6608
11493;5313;;2402
54265;395;;4186
60511;1199;;3187
7348;1199;;1687
9906;394;;6560
64550;1199;;5572
54731;263;;371
40153;14879;;1193
37930;13614;;6969
58053;395;;3425
20447;2098;;5476
33644;14879;;692
16074;1199;;5976
20478;1199;;3048
40153;14879;;1750
5441;1199;;279
72827;14879;;1878
34590;365;;7081
7694;3282;;796
21822;1199;;320
47658;1199;;6127
72827;14879;;1457
20539;394;;648
4073;1199;;1095
40153;14879;;4820
60511;1199;;3637
37403;1199;;1708
22450;3268;;7765
47694;14879;;3085
4073;1199;;1216
33662;14879;;5371
60511;1199;;4366
29145;263;;2955
17538;1199;;2859
47695;14879;;2294
25382;394;;1528
48525;365;;2162
966;365;;7287
1123;395;;2205
25852;1199;;931
5441;1199;;5224
33644;14879;;642
20893;9020;;5000
16083;14;;413
47695;14879;;3970
35649;3268;;6869
47658;1199;;3126
47658;1199;;1402
7348;1199;;779
72827;14879;;874
76296;1497;;669
727;263;;2199
25656;9020;;6401
7348;1199;;1791
34361;394;;6219
29145;263;;1726
33644;14879;;2122
25852;1199;;2702
1550;394;;2579
727;263;;410
19960;1199;;196
58920;1075;;1535
35036;1199;;1854
36380;765;;6479
25250;12003;;654
28350;3268;;7019
47695;14879;;5381
3606;1315;;1175
72118;16386;;2618
6769;1315;;2675
75907;23246;;198
6769;1315;;7868
48911;1199;;1512
53497;1199;;2794
17538;1199;;2632
727;263;;7467
48911;1199;;9
55900;1199;;1089
25852;1199;;1599
47695;14879;;5238
76694;1199;;158
11757;1199;;1200
19960;1199;;1232
4073;1199;;3409
21822;1199;;816
4073;1199;;1164
51483;9020;;3271
54731;263;;3245
72827;14879;;1381
60511;1199;;3105
3825;1463;;4960
38468;16269;;3374
58914;1199;;406
47658;1199;;653
10785;1075;;1814
4786;1315;;6774
47658;1199;;1691
4371;1386;;3542
16073;1199;;7456
47658;1199;;260
37403;1199;;1537
72827;14879;;561
60511;1199;;4132
75850;14879;;1228
60511;1199;;2770
40153;14879;;6155
54134;14879;;208
25852;1199;;2112
20539;394;;6342
7348;1199;;5768
47658;1199;;1184
3606;1315;;8151
51483;9020;;807
45991;365;;2672
58046;1075;;6831
23328;3407;;7906
47658;1199;;1424
28350;3268;;2868
19960;1199;;7742
55900;1199;;2601
47658;1199;;5135
59015;22167;;958
23474;1199;;5153
75907;23246;;2419
66423;18012;;4856
47695;14879;;3655
17538;1199;;1660
34146;1199;;5401
69078;395;;3003
11757;1199;;2973
59736;395;;3997
54731;263;;1774
77199;27021;;72
20893;9020;;5643
47658;1199;;1673
7675;3268;;3156
33662;14879;;2657
16638;3268;;1867
51575;1;;1772
727;263;;3348
19960;1199;;7835
19960;1199;;7205
10784;1075;;2264
7348;1199;;1701
20893;9020;;230
962;365;;1779
16638;3268;;32
24905;1199;;6011
727;263;;2889
75907;23246;;188
20478;1199;;2633
35036;1199;;1383
7348;1199;;1565
5411;394;;6980
47658;1199;;728
25852;1199;;696
47658;1199;;2010
45878;14;;125
47658;1199;;1530
29145;263;;2211
966;365;;2960
25852;1199;;559
47658;1199;;943
60686;3268;;3225
37518;14879;;57
47658;1199;;942
727;263;;1553
58850;3268;;3809
33644;14879;;659
33644;14879;;7326
28350;3268;;5370
38552;765;;6636
47658;1199;;4993
40595;10541;;686
41778;10541;;1971
51404;20638;;247
28350;3268;;2446
29687;395;;1008
21822;1199;;997
34146;1199;;26
4374;1386;;2423
58053;395;;1025
960;365;;2097
74488;765;;848
7348;1199;;372
3606;1315;;8171
40176;12224;;5237
55900;1199;;4653
35036;1199;;815
62419;12224;;92
7324;395;;3309
20478;1199;;1948
33644;14879;;3298
11757;1199;;5997
727;263;;1475
4904;1417;;1
48911;1199;;5097
57110;14879;;3461
63894;10541;;2400
54731;263;;3443
72706;1199;;2851
39289;14756;;5175
57110;14879;;1460
54134;14879;;1079
20478;1199;;3100
176;60;;6374
45878;14;;270
28952;13397;;2833
24059;3268;;6779
33644;14879;;7122
966;365;;23
25852;1199;;3027
6523;14;;3960
960;365;;4596
4920;1315;;61
727;263;;1239
25414;1075;;866
5761;807;;3876
25852;1199;;2326
58914;1199;;1291
4014;1315;;4519
47658;1199;;460
55027;14338;;3112
29687;395;;2664
25852;1199;;1052
62737;13831;;4322
69461;14879;;124
34146;1199;;4744
25656;9020;;5611
40815;12224;;4400
7348;1199;;4566
4073;1199;;496
76810;24445;;176
5487;2098;;798
75087;394;;579
11493;5313;;3926
47695;14879;;4905
45991;365;;3326
37403;1199;;916
15244;2098;;3470
7348;1199;;1778
4073;1199;;1623
47658;1199;;1543
17538;1199;;1642
4872;1068;;641
45482;16386;;2815
60511;1199;;3429
21822;1199;;4995
47695;14879;;2486
62237;20638;;1873
76696;1199;;2458
31705;13905;;3416
1550;394;;6313
60686;3268;;326
60511;1199;;19
2106;394;;531
64096;14879;;118
20470;394;;338
54134;14879;;1361
19960;1199;;7890
20893;9020;;5992
24905;1199;;678
37518;14879;;6732
47658;1199;;489
20478;1199;;598
29145;263;;5257
513;14;;1379
54731;263;;3318
57110;14879;;4365
45991;365;;143
961;365;;8126
52211;14879;;4511
35036;1199;;1101
2572;807;;305
7348;1199;;109
1549;394;;6988
71164;14;;2466
66229;12003;;3301
429;1;;901
11757;1199;;7741
25852;1199;;1403
47695;14879;;401
966;365;;319
47658;1199;;1176
29687;395;;7266
10784;1075;;2278
46634;14338;;4702
1525;568;;7140
48556;21516;;351
7348;1199;;2828
51483;9020;;700
47695;14879;;558
24905;1199;;4850
21772;1127;;7967
47658;1199;;930
73411;263;;1476
63066;14;;3689
7167;1315;;1233
71868;16041;;2610
54134;14879;;377
54265;395;;4565
23474;1199;;7414
60511;1199;;3909
47695;14879;;457
54827;1199;;1370
29145;263;;1347
3606;1315;;7628
20478;1199;;5491
6523;14;;820
72394;14;;1362
47659;1199;;3898
47658;1199;;530
47421;6513;;4363
7675;3268;;1100
9906;394;;817
7348;1199;;367
26012;807;;635
54731;263;;2597
53779;14879;;1323
36862;14879;;6681
47658;1199;;1000
52211;14879;;391
20478;1199;;1443
21688;9020;;4507
69461;14879;;2041
7348;1199;;3059
76963;1075;;409
25852;1199;;2800
31705;13905;;1576
20478;1199;;991
5487;2098;;577
28951;13397;;6526
75087;394;;915
6551;1254;;4126
38468;16269;;1707
25468;568;;7330
76417;16321;;345
436;163;;624
58914;1199;;3818
10785;1075;;5267
10784;1075;;6257
436;163;;2999
72330;1075;;1245
48556;21516;;2681
44914;1199;;5624
3939;1417;;1082
35036;1199;;587
33662;14879;;6191
58046;1075;;1450
65447;21841;;2138
52211;14879;;3147
35036;1199;;1320
72827;14879;;1649
1791;60;;1371
963;365;;1547
2106;394;;680
20478;1199;;920
56071;1075;;872
15244;2098;;668
56071;1075;;3402
10784;1075;;2089
60511;1199;;2736
33662;14879;;583
35064;15527;;5038
20470;394;;929
47658;1199;;3009
37403;1199;;2623
66478;9020;;2763
56887;3268;;300
37403;1199;;3285
6523;14;;2224
25852;1199;;1715
7463;1199;;2377
56887;3268;;3316
21822;1199;;375
20112;3207;;14
54731;263;;773
48911;1199;;4823
35036;1199;;4002
48911;1199;;3659
56981;21841;;2660
25852;1199;;2206
34590;365;;358
16074;1199;;296
5441;1199;;877
56887;3268;;2039
47695;14879;;1632
20417;395;;4453
59015;22167;;1555
54731;263;;334
12073;5313;;99
20891;568;;6819
54731;263;;4679
56259;22167;;2276
54134;14879;;1024
2718;860;;1330
1550;394;;588
29145;263;;2086
54772;13831;;3165
7463;1199;;2280
24905;1199;;365
72827;14879;;1613
64096;14879;;3001
69461;14879;;2188
69461;14879;;1739
48911;1199;;1843
966;365;;1152
43893;7402;;568
69461;14879;;1525
54731;263;;721
58914;1199;;17
59548;14879;;4235
5441;1199;;1055
57110;14879;;2566
41613;12224;;190
56259;22167;;3962
56115;14879;;2282
76696;1199;;168
1123;395;;3137
11757;1199;;2897
29145;263;;4650
2725;850;;4
76508;26990;;1315
47658;1199;;1451
34146;1199;;4767
54134;14879;;1851
55900;1199;;4397
67533;1199;;2011
57110;14879;;1811
56887;3268;;3249
54731;263;;2261
75907;23246;;290
45482;16386;;2152
62765;1199;;2845
47658;1199;;1143
1018;263;;1612
47695;14879;;3734
4073;1199;;2272
727;263;;2945
54908;12224;;1520
73411;263;;2104
52211;14879;;1097
51792;15636;;500
19960;1199;;2693
58027;365;;2487
45878;14;;607
35036;1199;;6606
65339;395;;2932
53010;7402;;1336
46088;16386;;3748
29145;263;;2478
49571;11863;;540
15244;2098;;1209
63654;2446;;3557
4073;1199;;1521
47695;14879;;1780
74921;22430;;1595
58940;21841;;2200
13350;3268;;7427
69174;395;;3707
20818;1075;;993
52211;14879;;4848
64096;14879;;3393
8203;807;;486
43091;16386;;3202
59827;13831;;3617
76685;23246;;195
69461;14879;;263
20478;1199;;6632
54731;263;;397
454;14;;74
64233;14484;;3205
58914;1199;;2910
48525;365;;4074
60511;1199;;3537
75850;14879;;476
53779;14879;;521
74675;26990;;927
75856;25684;;33
73242;26816;;1183
45878;14;;550
43944;1454;;564
40765;16791;;245
64708;5500;;2853
6523;14;;1123
73498;7402;;2971
69461;14879;;1826
40176;12224;;160
25153;5510;;6591
67236;24445;;2321
47695;14879;;2563
60511;1199;;3485
48525;365;;833
43091;16386;;4813
3606;1315;;949
29145;263;;7363
72827;14879;;2016
75788;7601;;7244
76780;2446;;235
4073;1199;;111
512;14;;1040
35036;1199;;1360
65339;395;;1953
37518;14879;;679
37518;14879;;31
64096;14879;;487
76265;27797;;403
31703;14;;1414
21217;6272;;1372
75850;14879;;277
37518;14879;;30
7675;3268;;4559
52211;14879;;2125
47541;9020;;1740
41767;1303;;652
798;289;;1042
46634;14338;;29
62419;12224;;2781
47695;14879;;950
47695;14879;;136
69202;1417;;1244
59125;12224;;28
59015;22167;;467
20478;1199;;1824
55905;20268;;21
54731;263;;983
7348;1199;;604
75683;394;;1836
54724;20658;;4573
55900;1199;;25
51483;9020;;1540
75087;394;;335
20575;9020;;3090
52211;14879;;1531
4920;1315;;3389
54724;20658;;894
51483;9020;;2988
6551;1254;;2001
45878;14;;216
52211;14879;;629
436;163;;2808
15280;5049;;4489
76996;24445;;18
40028;395;;1182
69174;395;;197
75876;1199;;139
59125;12224;;439
74921;22430;;2292
72827;14879;;990
54134;14879;;695
77116;24445;;100
72827;14879;;490
34982;10541;;24
71917;1199;;13
17538;1199;;7169
16074;1199;;1264
54731;263;;3423
33927;14879;;5841
436;163;;7562
33644;14879;;2983
40176;12224;;6923
21521;2055;;7719
4073;1199;;5031
11757;1199;;3631
7348;1199;;3010
36670;394;;2998
48911;1199;;6167
21704;263;;5352
35351;3965;;7370
5441;1199;;4928
19960;1199;;5522
34146;1199;;2407
4904;1417;;8161
29687;395;;7105
63220;23020;;1495
16074;1199;;7308
16074;1199;;7543
21688;9020;;5172
45991;365;;1602
3606;1315;;6932
20575;9020;;6919
19960;1199;;5107
47658;1199;;444
20539;394;;3648
505;14;;6288
19960;1199;;5114
59439;568;;3790
41613;12224;;5835
34146;1199;;6522
19960;1199;;3223
436;163;;7593
16074;1199;;1764
19960;1199;;6977
11757;1199;;6464
7463;1199;;2586
1791;60;;8203
16115;1199;;7779
17538;1199;;5908
33662;14879;;6332
4904;1417;;3555
29687;395;;6625
7673;3268;;547
429;1;;6151
5441;1199;;3086
35036;1199;;2464
30034;13670;;5284
21822;1199;;3940
58053;395;;3645
47658;1199;;1846
5441;1199;;871
37518;14879;;1536
69202;1417;;611
11757;1199;;6028
19960;1199;;2727
436;163;;8105
33644;14879;;4032
4073;1199;;2587
16074;1199;;3646
21822;1199;;3127
5441;1199;;5920
21556;568;;6598
7463;1199;;3703
21822;1199;;5652
178;60;;7666
2718;860;;7026
25520;2310;;4899
72827;14879;;644
47658;1199;;3569
5441;1199;;8220
727;263;;1630
11757;1199;;3071
58920;1075;;1984
20478;1199;;3395
55900;1199;;4232
19960;1199;;1185
48556;21516;;1758
7324;395;;5766
727;263;;8189
11757;1199;;2019
13350;3268;;1305
3824;1417;;5011
4904;1417;;5917
60511;1199;;2948
33927;14879;;5249
7463;1199;;1149
49490;936;;3500
68372;1254;;5869
23474;1199;;5938
727;263;;4819
10785;1075;;4948
11757;1199;;3784
11757;1199;;2869
48911;1199;;3584
33644;14879;;2253
7348;1199;;2300
1018;263;;8096
36376;13905;;7051
7463;1199;;64
13350;3268;;4712
47695;14879;;4992
48911;1199;;3851
19558;850;;7471
5441;1199;;1155
47658;1199;;468
62101;23020;;446
7348;1199;;5358
11757;1199;;221
19960;1199;;6354
19960;1199;;1442
727;263;;2774
2324;394;;8060
7348;1199;;3066
33644;14879;;4547
10784;1075;;1709
7463;1199;;6278
25382;394;;7730
1550;394;;8121
4904;1417;;7119
2572;807;;7269
23474;1199;;7814
29145;263;;4914
15280;5049;;5926
7463;1199;;5720
11757;1199;;841
19960;1199;;2240
55900;1199;;2531
14301;807;;2927
57640;1199;;4099
16074;1199;;5989
64848;24447;;1592
28350;3268;;2867
5487;2098;;7690
20478;1199;;3109
13152;3282;;2807
11757;1199;;5892
3824;1417;;4943
20470;394;;7018
41816;1199;;6148
25382;394;;1146
16638;3268;;1337
17538;1199;;865
4371;1386;;4538
24905;1199;;7123
1550;394;;1506
20470;394;;1664
17538;1199;;7526
37518;14879;;1410
19960;1199;;4249
429;1;;3241
5441;1199;;4035
37518;14879;;7561
16074;1199;;1498
47658;1199;;4710
20470;394;;7430
436;163;;8002
35717;365;;6485
966;365;;4913
3824;1417;;6456
20539;394;;3242
1324;263;;7491
19960;1199;;7552
10784;1075;;7766
37518;14879;;4494
2719;860;;8303
35036;1199;;2685
22272;1497;;7256
4073;1199;;5685
3824;1417;;7991
16074;1199;;485
14592;2446;;7640
56071;1075;;4611
20539;394;;6462
16074;1199;;5626
16115;1199;;7810
8555;1315;;7595
19960;1199;;1339
19960;1199;;3489
5441;1199;;7389
33227;365;;5367
4904;1417;;2744
4920;1315;;1606
28350;3268;;6507
34146;1199;;4100
47694;14879;;3289
16074;1199;;4685
5441;1199;;7758
16074;1199;;907
21822;1199;;3782
60511;1199;;3193
20478;1199;;5699
19960;1199;;2819
35036;1199;;967
47658;1199;;1815
11493;5313;;8278
15203;1497;;4545
11757;1199;;7516
963;365;;7068
5487;2098;;6857
429;1;;6252
19960;1199;;3050
11757;1199;;4083
19960;1199;;5502
35036;1199;;4600
11757;1199;;7807
11757;1199;;5559
11757;1199;;1267
11757;1199;;844
3824;1417;;4268
17538;1199;;1653
35649;3268;;7135
966;365;;5945
13350;3268;;7916
5916;1;;1519
35036;1199;;6129
22464;453;;7611
11757;1199;;6685
19960;1199;;5333
11757;1199;;7148
20893;9020;;5930
21822;1199;;141
43893;7402;;4205
40153;14879;;5194
959;365;;7000
10784;1075;;5658
25852;1199;;1641
64348;16859;;2847
14301;807;;8084
20470;394;;7805
7463;1199;;3097
429;1;;8228
11757;1199;;6156
37518;14879;;2301
6523;14;;1074
11757;1199;;5800
178;60;;6369
798;289;;7446
1550;394;;1283
58053;395;;3959
35036;1199;;321
966;365;;4259
52211;14879;;745
5441;1199;;5590
1550;394;;1113
11757;1199;;2417
74662;1199;;784
1123;395;;7838
61801;16859;;6942
11757;1199;;8010
34146;1199;;4260
52211;14879;;5723
3824;1417;;8273
21822;1199;;7812
966;365;;1527
5441;1199;;1252
38468;16269;;6428
21822;1199;;166
5411;394;;1466
71318;23468;;2249
25852;1199;;1546
65682;3268;;4435
21822;1199;;7398
176;60;;6118
5441;1199;;7218
19960;1199;;7978
20539;394;;5306
36269;10541;;6615
47658;1199;;2057
21704;263;;3341
20470;394;;6804
5441;1199;;5123
3824;1417;;5940
6523;14;;7279
15660;1454;;4454
5441;1199;;3169
436;163;;4375
55900;1199;;4609
21822;1199;;475
24905;1199;;5866
23474;1199;;6702
34146;1199;;5231
19960;1199;;6376
55900;1199;;4732
3365;395;;7146
20893;9020;;4484
15202;1497;;8055
33644;14879;;6304
7463;1199;;4473
4014;1315;;6015
7463;1199;;6465
24905;1199;;1060
16073;1199;;7718
727;263;;7058
5411;394;;571
47658;1199;;3228
4904;1417;;7449
56980;21841;;3373
22958;9816;;6808
33644;14879;;3544
41778;10541;;3996
33644;14879;;4087
7348;1199;;1901
54731;263;;3939
3606;1315;;3528
7348;1199;;3392
47658;1199;;5279
4904;1417;;8132
48466;3282;;3290
29204;395;;5028
5411;394;;4690
43893;7402;;708
11757;1199;;999
35036;1199;;6112
7348;1199;;440
53010;7402;;2394
507;14;;5024
24905;1199;;5512
11757;1199;;2831
24905;1199;;7261
7463;1199;;7111
59015;22167;;2518
36670;394;;7914
7348;1199;;3191
1121;395;;7186
7463;1199;;2362
727;263;;4080
727;263;;8230
5441;1199;;3068
69461;14879;;1191
7463;1199;;2047
7348;1199;;1034
18313;4103;;7775
1122;395;;7142
60511;1199;;4384
727;263;;3234
7463;1199;;4743
8424;14;;6660
16074;1199;;4553
11757;1199;;7783
20539;394;;3397
429;1;;6260
3824;1417;;2169
511;14;;8205
20470;394;;4617
19960;1199;;2604
64262;2055;;1674
429;1;;1858
28949;13397;;5397
19960;1199;;3334
7463;1199;;7390
35036;1199;;2523
3824;1417;;2741
19960;1199;;3198
12073;5313;;7648
35036;1199;;3231
963;365;;6379
47658;1199;;2437
10656;5049;;7462
21704;263;;3354
33644;14879;;1116
44596;395;;5751
11757;1199;;5715
20478;1199;;3607
54731;263;;2514
19960;1199;;4052
32780;12224;;5527
36270;10541;;5493
11757;1199;;3599
13282;2446;;3240
429;1;;8075
7810;1068;;8048
1542;576;;4751
11493;5313;;1717
7463;1199;;7615
20470;394;;7020
5441;1199;;3634
3606;1315;;609
1504;568;;8049
1324;263;;1834
11757;1199;;3013
1324;263;;6586
11757;1199;;1346
39606;2724;;6602
36670;394;;5620
52287;16863;;5823
1418;163;;5878
5481;2100;;4297
16074;1199;;3451
72317;1199;;895
14454;395;;7706
19960;1199;;7110
11757;1199;;2421
20893;9020;;2986
515;14;;592
20478;1199;;3401
11757;1199;;6596
17538;1199;;954
21822;1199;;902
34146;1199;;5405
1324;263;;4763
1324;263;;6487
176;60;;4143
11757;1199;;6135
429;1;;7550
727;263;;5552
47658;1199;;3553
20478;1199;;1131
35036;1199;;1136
429;1;;2553
19960;1199;;7607
33624;14879;;4581
35036;1199;;4122
178;60;;7567
48556;21516;;5034
48148;7402;;542
17538;1199;;5585
59966;1199;;1285
10784;1075;;6538
32844;1315;;15
20539;394;;7947
20478;1199;;2622
74146;2446;;7039
515;14;;379
13009;936;;6981
3824;1417;;6389
57668;21841;;4175
24905;1199;;6320
36670;394;;5941
11757;1199;;8020
25917;12224;;7875
47695;14879;;5082
961;365;;8267
3939;1417;;8221
11757;1199;;3658
7675;3268;;5944
11757;1199;;1989
48555;21516;;1367
727;263;;4523
20539;394;;4491
11963;3403;;6662
429;1;;7126
43893;7402;;1580
5441;1199;;7129
10784;1075;;2784
1550;394;;7358
4073;1199;;7519
20539;394;;1413
47695;14879;;3828
47694;14879;;2286
7463;1199;;1581
1123;395;;7386
21822;1199;;4548
34146;1199;;3455
11757;1199;;1386
20470;394;;7499
2740;860;;8029
19960;1199;;887
54059;394;;8123
24905;1199;;4399
48911;1199;;2119
5441;1199;;7350
35036;1199;;917
25852;1199;;5583
5441;1199;;7695
34146;1199;;5718
35036;1199;;2956
7675;3268;;5986
20478;1199;;7077
24905;1199;;4583
1622;394;;7541
33927;14879;;6822
1324;263;;7811
19960;1199;;8073
19960;1199;;5912
19960;1199;;3543
45132;14756;;6269
37403;1199;;4094
6523;14;;1199
16074;1199;;3925
13282;2446;;8014
19960;1199;;3803
11757;1199;;6493
176;60;;4795
25382;394;;5993
11757;1199;;1586
11757;1199;;1344
65682;3268;;2433
24905;1199;;4389
7348;1199;;4920
59548;14879;;4023
21822;1199;;4467
5441;1199;;2984
19960;1199;;2532
53679;20658;;7938
19960;1199;;1684
11757;1199;;6898
12982;2098;;6171
429;1;;7048
33644;14879;;4810
45482;16386;;1973
20478;1199;;1114
24905;1199;;5538
48911;1199;;2725
19960;1199;;2959
24905;1199;;7497
29145;263;;4269
16074;1199;;4313
34146;1199;;4131
56071;1075;;7650
16074;1199;;5027
24905;1199;;3839
727;263;;5877
16074;1199;;229
10265;3351;;5861
3939;1417;;8069
34146;1199;;2346
1324;263;;4323
7675;3268;;7992
20470;394;;7538
17538;1199;;8026
20470;394;;2541
17538;1199;;7420
4786;1315;;6400
21822;1199;;7224
5441;1199;;459
5441;1199;;8027
3326;1068;;7949
23013;10774;;5904
58053;395;;4401
21822;1199;;443
34146;1199;;5698
73498;7402;;3754
19960;1199;;2777
11757;1199;;3438
11757;1199;;878
47695;14879;;4019
11757;1199;;5703
56259;22167;;2358
17538;1199;;3762
53679;20658;;4209
11757;1199;;5343
16074;1199;;456
16638;3268;;2398
19960;1199;;7832
51721;2554;;1440
1525;568;;7656
16074;1199;;4291
1324;263;;8239
47646;1497;;5836
3326;1068;;7568
54731;263;;3885
11757;1199;;1345
35036;1199;;1937
47695;14879;;3891
51483;9020;;3699
21822;1199;;4320
11757;1199;;2972
19960;1199;;6406
11757;1199;;1516
429;1;;7300
20478;1199;;924
58053;395;;3153
11757;1199;;6913
19960;1199;;1352
7463;1199;;5356
47658;1199;;1493
1622;394;;6903
53495;365;;5055
1504;568;;7852
2725;850;;8044
51483;9020;;2163
19960;1199;;2189
962;365;;8275
727;263;;2311
7348;1199;;5802
54908;12224;;3199
20478;1199;;2612
61176;16386;;3123
3824;1417;;6394
19960;1199;;5834
178;60;;6165
1121;395;;6432
7348;1199;;5316
47658;1199;;1754
11757;1199;;2018
29145;263;;4119
11097;5095;;4922
16074;1199;;3927
7348;1199;;2255
727;263;;7840
1122;395;;5242
33227;365;;6817
1122;395;;5676
62765;1199;;1803
19960;1199;;2850
11757;1199;;1893
19960;1199;;5477
7463;1199;;4669
26771;365;;7785
6824;1454;;8293
25852;1199;;2262
34146;1199;;4305
7463;1199;;479
71475;13905;;1365
429;1;;5815
60511;1199;;1747
59548;14879;;5640
966;365;;4640
62529;14;;5864
19960;1199;;5098
34343;7402;;5763
1324;263;;7175
45922;395;;5592
7675;3268;;6105
429;1;;5563
20470;394;;1856
36670;394;;2767
3824;1417;;7078
35036;1199;;799
11757;1199;;5528
21822;1199;;2558
28952;13397;;6007
28950;13397;;2167
25884;12224;;2656
5441;1199;;3099
20478;1199;;3541
20470;394;;6772
33662;14879;;6382
43893;7402;;4684
45923;395;;7705
727;263;;4029
60511;1199;;2310
11757;1199;;4004
21822;1199;;445
7463;1199;;2428
14592;2446;;4716
16638;3268;;7945
11757;1199;;6246
59966;1199;;961
11757;1199;;4783
19960;1199;;2123
19960;1199;;2375
1504;568;;7874
37518;14879;;3882
11757;1199;;2090
3824;1417;;6282
40815;12224;;7932
58053;395;;266
29145;263;;3158
20478;1199;;8004
34146;1199;;4869
29145;263;;7254
34146;1199;;3743
47658;1199;;153
4073;1199;;5656
2324;394;;8181
25852;1199;;5546
25852;1199;;3586
11757;1199;;2936
34146;1199;;2577
5008;1417;;4345
17538;1199;;3633
19960;1199;;2389
24059;3268;;868
1550;394;;7338
29687;395;;5437
3939;1417;;7908
17538;1199;;6722
959;365;;8124
14454;395;;3964
56071;1075;;4050
1414;163;;7232
65528;24445;;1354
47658;1199;;5880
11757;1199;;1869
1018;263;;3436
33644;14879;;7165
20478;1199;;6349
34146;1199;;2662
33644;14879;;6228
23474;1199;;7379
8274;765;;7951
34146;1199;;4902
47658;1199;;1436
16074;1199;;7909
13276;7088;;8172
7348;1199;;797
1324;263;;2290
55900;1199;;4115
11757;1199;;1099
2106;394;;8229
429;1;;2482
11757;1199;;4713
47695;14879;;5330
35036;1199;;5639
429;1;;8068
37518;14879;;1635
436;163;;8095
12155;6277;;7535
72827;14879;;3286
34982;10541;;5644
5441;1199;;3625
5441;1199;;108
11757;1199;;119
34146;1199;;3536
5441;1199;;2515
14395;2906;;8218
11757;1199;;4377
35036;1199;;4161
20478;1199;;938
8422;3282;;8145
7463;1199;;2934
29204;395;;7451
19960;1199;;2540
59548;14879;;4077
32222;765;;7282
429;1;;2591
436;163;;7023
60511;1199;;3619
16115;1199;;7667
29145;263;;7940
41315;765;;6846
19960;1199;;7333
1599;60;;6527
8274;765;;7017
7463;1199;;731
1550;394;;8180
66024;12907;;7654
57959;14;;5469
19960;1199;;6337
5441;1199;;6818
24059;3268;;213
11757;1199;;3999
10784;1075;;5417
25414;1075;;8129
47658;1199;;4342
11757;1199;;5765
3365;395;;5462
10785;1075;;3342
7675;3268;;3728